[{"model": "admin.logentry", "pk": 41, "fields": {"action_time": "2020-12-28T10:24:41.603Z", "user": 1, "content_type": 14, "object_id": "9", "object_repr": "Por'z Poulhan (images/5078742611_72749e963d_b.jpg) - Concours en cours de vote", "action_flag": 1, "change_message": "[{\"added\": {}}]"}}, {"model": "admin.logentry", "pk": 42, "fields": {"action_time": "2020-12-28T10:24:48.938Z", "user": 1, "content_type": 14, "object_id": "10", "object_repr": "Buron en Auvergne (images/4086144347_5a509bc0fa_o.jpg) - Concours en cours de vote", "action_flag": 1, "change_message": "[{\"added\": {}}]"}}, {"model": "admin.logentry", "pk": 43, "fields": {"action_time": "2020-12-28T10:24:55.747Z", "user": 1, "content_type": 14, "object_id": "11", "object_repr": "Bord de mer (images/2908804193_f555ffaf2e_b.jpg) - Concours en cours de vote", "action_flag": 1, "change_message": "[{\"added\": {}}]"}}, {"model": "admin.logentry", "pk": 44, "fields": {"action_time": "2020-12-28T10:25:03.317Z", "user": 1, "content_type": 14, "object_id": "12", "object_repr": "Barques (images/4570511183_da3a70b64d_o.jpg) - Concours en cours de vote", "action_flag": 1, "change_message": "[{\"added\": {}}]"}}, {"model": "admin.logentry", "pk": 45, "fields": {"action_time": "2020-12-28T14:09:29.354Z", "user": 1, "content_type": 14, "object_id": "8", "object_repr": "Pornic (44) (images/3342638898_4272e5d72c_b.jpg) - Concours en cours de vote", "action_flag": 3, "change_message": ""}}, {"model": "admin.logentry", "pk": 47, "fields": {"action_time": "2020-12-28T14:16:08.875Z", "user": 1, "content_type": 14, "object_id": "11", "object_repr": "Bord de mer (images/2908804193_f555ffaf2e_b.jpg) - Concours en cours de vote", "action_flag": 3, "change_message": ""}}, {"model": "admin.logentry", "pk": 130, "fields": {"action_time": "2021-01-02T13:19:20.803Z", "user": 1, "content_type": 7, "object_id": "9", "object_repr": "Pornic (44) (images/3342638898_4272e5d72c_b.jpg)", "action_flag": 2, "change_message": "[{\"changed\": {\"fields\": [\"Commentaires techniques\"]}}]"}}, {"model": "admin.logentry", "pk": 131, "fields": {"action_time": "2021-01-03T12:02:51.918Z", "user": 1, "content_type": 6, "object_id": "5", "object_repr": "Divers", "action_flag": 1, "change_message": "[{\"added\": {}}]"}}, {"model": "admin.logentry", "pk": 132, "fields": {"action_time": "2021-01-03T12:41:03.508Z", "user": 1, "content_type": 7, "object_id": "12", "object_repr": "test gif (images/small_DQOKijy.gif)", "action_flag": 3, "change_message": ""}}, {"model": "admin.logentry", "pk": 133, "fields": {"action_time": "2021-01-04T11:08:06.279Z", "user": 1, "content_type": 7, "object_id": "11", "object_repr": "Pornic (images/4488823887_5ed823d384_o.jpg)", "action_flag": 3, "change_message": ""}}, {"model": "admin.logentry", "pk": 134, "fields": {"action_time": "2021-01-04T14:56:30.611Z", "user": 1, "content_type": 7, "object_id": "9", "object_repr": "Pornic (44) (images/3342638898_4272e5d72c_b.jpg)", "action_flag": 2, "change_message": "[{\"changed\": {\"fields\": [\"Categories\"]}}]"}}, {"model": "auth.permission", "pk": 1, "fields": {"name": "Can add log entry", "content_type": 1, "codename": "add_logentry"}}, {"model": "auth.permission", "pk": 2, "fields": {"name": "Can change log entry", "content_type": 1, "codename": "change_logentry"}}, {"model": "auth.permission", "pk": 3, "fields": {"name": "Can delete log entry", "content_type": 1, "codename": "delete_logentry"}}, {"model": "auth.permission", "pk": 4, "fields": {"name": "Can view log entry", "content_type": 1, "codename": "view_logentry"}}, {"model": "auth.permission", "pk": 5, "fields": {"name": "Can add permission", "content_type": 2, "codename": "add_permission"}}, {"model": "auth.permission", "pk": 6, "fields": {"name": "Can change permission", "content_type": 2, "codename": "change_permission"}}, {"model": "auth.permission", "pk": 7, "fields": {"name": "Can delete permission", "content_type": 2, "codename": "delete_permission"}}, {"model": "auth.permission", "pk": 8, "fields": {"name": "Can view permission", "content_type": 2, "codename": "view_permission"}}, {"model": "auth.permission", "pk": 9, "fields": {"name": "Can add group", "content_type": 3, "codename": "add_group"}}, {"model": "auth.permission", "pk": 10, "fields": {"name": "Can change group", "content_type": 3, "codename": "change_group"}}, {"model": "auth.permission", "pk": 11, "fields": {"name": "Can delete group", "content_type": 3, "codename": "delete_group"}}, {"model": "auth.permission", "pk": 12, "fields": {"name": "Can view group", "content_type": 3, "codename": "view_group"}}, {"model": "auth.permission", "pk": 13, "fields": {"name": "Can add content type", "content_type": 4, "codename": "add_contenttype"}}, {"model": "auth.permission", "pk": 14, "fields": {"name": "Can change content type", "content_type": 4, "codename": "change_contenttype"}}, {"model": "auth.permission", "pk": 15, "fields": {"name": "Can delete content type", "content_type": 4, "codename": "delete_contenttype"}}, {"model": "auth.permission", "pk": 16, "fields": {"name": "Can view content type", "content_type": 4, "codename": "view_contenttype"}}, {"model": "auth.permission", "pk": 17, "fields": {"name": "Can add session", "content_type": 5, "codename": "add_session"}}, {"model": "auth.permission", "pk": 18, "fields": {"name": "Can change session", "content_type": 5, "codename": "change_session"}}, {"model": "auth.permission", "pk": 19, "fields": {"name": "Can delete session", "content_type": 5, "codename": "delete_session"}}, {"model": "auth.permission", "pk": 20, "fields": {"name": "Can view session", "content_type": 5, "codename": "view_session"}}, {"model": "auth.permission", "pk": 21, "fields": {"name": "Can add category", "content_type": 6, "codename": "add_category"}}, {"model": "auth.permission", "pk": 22, "fields": {"name": "Can change category", "content_type": 6, "codename": "change_category"}}, {"model": "auth.permission", "pk": 23, "fields": {"name": "Can delete category", "content_type": 6, "codename": "delete_category"}}, {"model": "auth.permission", "pk": 24, "fields": {"name": "Can view category", "content_type": 6, "codename": "view_category"}}, {"model": "auth.permission", "pk": 25, "fields": {"name": "Can add picture", "content_type": 7, "codename": "add_picture"}}, {"model": "auth.permission", "pk": 26, "fields": {"name": "Can change picture", "content_type": 7, "codename": "change_picture"}}, {"model": "auth.permission", "pk": 27, "fields": {"name": "Can delete picture", "content_type": 7, "codename": "delete_picture"}}, {"model": "auth.permission", "pk": 28, "fields": {"name": "Can view picture", "content_type": 7, "codename": "view_picture"}}, {"model": "auth.permission", "pk": 29, "fields": {"name": "Can add contest", "content_type": 8, "codename": "add_contest"}}, {"model": "auth.permission", "pk": 30, "fields": {"name": "Can change contest", "content_type": 8, "codename": "change_contest"}}, {"model": "auth.permission", "pk": 31, "fields": {"name": "Can delete contest", "content_type": 8, "codename": "delete_contest"}}, {"model": "auth.permission", "pk": 32, "fields": {"name": "Can view contest", "content_type": 8, "codename": "view_contest"}}, {"model": "auth.permission", "pk": 33, "fields": {"name": "Can add review", "content_type": 9, "codename": "add_review"}}, {"model": "auth.permission", "pk": 34, "fields": {"name": "Can change review", "content_type": 9, "codename": "change_review"}}, {"model": "auth.permission", "pk": 35, "fields": {"name": "Can delete review", "content_type": 9, "codename": "delete_review"}}, {"model": "auth.permission", "pk": 36, "fields": {"name": "Can view review", "content_type": 9, "codename": "view_review"}}, {"model": "auth.permission", "pk": 37, "fields": {"name": "Can add contest picture", "content_type": 10, "codename": "add_contestpicture"}}, {"model": "auth.permission", "pk": 38, "fields": {"name": "Can change contest picture", "content_type": 10, "codename": "change_contestpicture"}}, {"model": "auth.permission", "pk": 39, "fields": {"name": "Can delete contest picture", "content_type": 10, "codename": "delete_contestpicture"}}, {"model": "auth.permission", "pk": 40, "fields": {"name": "Can view contest picture", "content_type": 10, "codename": "view_contestpicture"}}, {"model": "auth.permission", "pk": 41, "fields": {"name": "Can add vote", "content_type": 11, "codename": "add_vote"}}, {"model": "auth.permission", "pk": 42, "fields": {"name": "Can change vote", "content_type": 11, "codename": "change_vote"}}, {"model": "auth.permission", "pk": 43, "fields": {"name": "Can delete vote", "content_type": 11, "codename": "delete_vote"}}, {"model": "auth.permission", "pk": 44, "fields": {"name": "Can view vote", "content_type": 11, "codename": "view_vote"}}, {"model": "auth.permission", "pk": 45, "fields": {"name": "Can add user", "content_type": 12, "codename": "add_customuser"}}, {"model": "auth.permission", "pk": 46, "fields": {"name": "Can change user", "content_type": 12, "codename": "change_customuser"}}, {"model": "auth.permission", "pk": 47, "fields": {"name": "Can delete user", "content_type": 12, "codename": "delete_customuser"}}, {"model": "auth.permission", "pk": 48, "fields": {"name": "Can view user", "content_type": 12, "codename": "view_customuser"}}, {"model": "auth.permission", "pk": 49, "fields": {"name": "Can add review", "content_type": 13, "codename": "add_review"}}, {"model": "auth.permission", "pk": 50, "fields": {"name": "Can change review", "content_type": 13, "codename": "change_review"}}, {"model": "auth.permission", "pk": 51, "fields": {"name": "Can delete review", "content_type": 13, "codename": "delete_review"}}, {"model": "auth.permission", "pk": 52, "fields": {"name": "Can view review", "content_type": 13, "codename": "view_review"}}, {"model": "auth.permission", "pk": 53, "fields": {"name": "Can add contest picture", "content_type": 14, "codename": "add_contestpicture"}}, {"model": "auth.permission", "pk": 54, "fields": {"name": "Can change contest picture", "content_type": 14, "codename": "change_contestpicture"}}, {"model": "auth.permission", "pk": 55, "fields": {"name": "Can delete contest picture", "content_type": 14, "codename": "delete_contestpicture"}}, {"model": "auth.permission", "pk": 56, "fields": {"name": "Can view contest picture", "content_type": 14, "codename": "view_contestpicture"}}, {"model": "auth.permission", "pk": 57, "fields": {"name": "Can add vote", "content_type": 15, "codename": "add_vote"}}, {"model": "auth.permission", "pk": 58, "fields": {"name": "Can change vote", "content_type": 15, "codename": "change_vote"}}, {"model": "auth.permission", "pk": 59, "fields": {"name": "Can delete vote", "content_type": 15, "codename": "delete_vote"}}, {"model": "auth.permission", "pk": 60, "fields": {"name": "Can view vote", "content_type": 15, "codename": "view_vote"}}, {"model": "auth.permission", "pk": 61, "fields": {"name": "Can add contest", "content_type": 16, "codename": "add_contest"}}, {"model": "auth.permission", "pk": 62, "fields": {"name": "Can change contest", "content_type": 16, "codename": "change_contest"}}, {"model": "auth.permission", "pk": 63, "fields": {"name": "Can delete contest", "content_type": 16, "codename": "delete_contest"}}, {"model": "auth.permission", "pk": 64, "fields": {"name": "Can view contest", "content_type": 16, "codename": "view_contest"}}, {"model": "contenttypes.contenttype", "pk": 1, "fields": {"app_label": "admin", "model": "logentry"}}, {"model": "contenttypes.contenttype", "pk": 2, "fields": {"app_label": "auth", "model": "permission"}}, {"model": "contenttypes.contenttype", "pk": 3, "fields": {"app_label": "auth", "model": "group"}}, {"model": "contenttypes.contenttype", "pk": 4, "fields": {"app_label": "contenttypes", "model": "contenttype"}}, {"model": "contenttypes.contenttype", "pk": 5, "fields": {"app_label": "sessions", "model": "session"}}, {"model": "contenttypes.contenttype", "pk": 6, "fields": {"app_label": "gallery", "model": "category"}}, {"model": "contenttypes.contenttype", "pk": 7, "fields": {"app_label": "gallery", "model": "picture"}}, {"model": "contenttypes.contenttype", "pk": 8, "fields": {"app_label": "gallery", "model": "contest"}}, {"model": "contenttypes.contenttype", "pk": 9, "fields": {"app_label": "gallery", "model": "review"}}, {"model": "contenttypes.contenttype", "pk": 10, "fields": {"app_label": "gallery", "model": "contestpicture"}}, {"model": "contenttypes.contenttype", "pk": 11, "fields": {"app_label": "gallery", "model": "vote"}}, {"model": "contenttypes.contenttype", "pk": 12, "fields": {"app_label": "users", "model": "customuser"}}, {"model": "contenttypes.contenttype", "pk": 13, "fields": {"app_label": "review", "model": "review"}}, {"model": "contenttypes.contenttype", "pk": 14, "fields": {"app_label": "contest", "model": "contestpicture"}}, {"model": "contenttypes.contenttype", "pk": 15, "fields": {"app_label": "contest", "model": "vote"}}, {"model": "contenttypes.contenttype", "pk": 16, "fields": {"app_label": "contest", "model": "contest"}}, {"model": "sessions.session", "pk": "3q3c9jfua6esct8vpfakak7e495os265", "fields": {"session_data": ".eJxVjLEOwjAMRP8lM4piJxTCyN5viBzbkAJKpaadEP9OK3UA6aZ77-5tEi1zSUvTKQ1iLgbM4bfLxE-tG5AH1ftoeazzNGS7KXanzfaj6Ou6u38HhVpZ1-hUPAfnCSJnIPCokvHMkbwcRW6C2KkD1TUcmZQAvQscJLsunsznCwGAOMU:1ktZcc:wv0exybZ-FlWFQS56M5LIenCVKGEXN2HJVLJ8uTKgJY", "expire_date": "2021-01-10T17:14:22.890Z"}}, {"model": "sessions.session", "pk": "7dagvmwlebggop75uaq1pye4rhsbewoh", "fields": {"session_data": ".eJxVjLEOwjAMRP8lM4piJxTCyN5viBzbkAJKpaadEP9OK3UA6aZ77-5tEi1zSUvTKQ1iLgbM4bfLxE-tG5AH1ftoeazzNGS7KXanzfaj6Ou6u38HhVpZ1-hUPAfnCSJnIPCokvHMkbwcRW6C2KkD1TUcmZQAvQscJLsunsznCwGAOMU:1kuGfe:TldgRzj3a4lSN_vtDLnD5QRnqFHaxNVzHexB55VQHqk", "expire_date": "2021-01-12T15:12:22.629Z"}}, {"model": "sessions.session", "pk": "9gjhmpjzp7whwt8fb06nrts4hb81l5uq", "fields": {"session_data": "e30:1ktDWN:wDyExCqPYDllx70zsehy9pKU99G_rNxrIUB64znBtaA", "expire_date": "2021-01-09T17:38:27.286Z"}}, {"model": "sessions.session", "pk": "b0ao8hh1vpl6ixezznh46bx0gidsuzcp", "fields": {"session_data": "e30:1ktDTV:f_t8-HK8VbaaWey-HDZmRzfVcSAjQ5Cvm-6gYUsmeNA", "expire_date": "2021-01-09T17:35:29.334Z"}}, {"model": "sessions.session", "pk": "bseqcurpo0wjv4kg9rwzcoedt1l2q6ad", "fields": {"session_data": ".eJxVjLEOwjAMRP8lM4piJxTCyN5viBzbkAJKpaadEP9OK3UA6aZ77-5tEi1zSUvTKQ1iLgbM4bfLxE-tG5AH1ftoeazzNGS7KXanzfaj6Ou6u38HhVpZ1-hUPAfnCSJnIPCokvHMkbwcRW6C2KkD1TUcmZQAvQscJLsunsznCwGAOMU:1kutCr:x9tv6k8ncZpGaxraqcqBRlDnI9FCjOyI7JvhT0J1OwU", "expire_date": "2021-01-14T08:21:13.505Z"}}, {"model": "sessions.session", "pk": "f4xaqrrhxnkcv7jy2v6rq0ecxpcv534c", "fields": {"session_data": "e30:1ktDV6:WLdGjiNIuBXlJqo-B1rMoJVQICWQoNqe9fSTski8ZrU", "expire_date": "2021-01-09T17:37:08.159Z"}}, {"model": "sessions.session", "pk": "j441qnbhmnykjojyv5t85uqiaefvz2as", "fields": {"session_data": "e30:1ktDVM:t-gYMxWaZliTsEYWvVUN8kTNd-LDS_vVfRcFrlJJYXA", "expire_date": "2021-01-09T17:37:24.344Z"}}, {"model": "sessions.session", "pk": "vk1cg0az0cftm9mzt8uguvs58ob0abdd", "fields": {"session_data": "e30:1ktDU2:EAU9RHMGL15RoWn8GdBp0DQ9Nlk3vhfnWUUDD8VKuj0", "expire_date": "2021-01-09T17:36:02.217Z"}}, {"model": "sessions.session", "pk": "wu5zweelraj8i2ysv6j3m6z3usko9bwd", "fields": {"session_data": "e30:1ktDZF:YEECF3M6xgBtYZly93vkeaOsCv8vCy9D7Oc0gIoUtB0", "expire_date": "2021-01-09T17:41:25.334Z"}}, {"model": "sessions.session", "pk": "wup2ukcuqt4vy9thx9nxkkcvq7beyywe", "fields": {"session_data": ".eJxVjLEOwjAMRP8lM4piJxTCyN5viBzbkAJKpaadEP9OK3UA6aZ77-5tEi1zSUvTKQ1iLgbM4bfLxE-tG5AH1ftoeazzNGS7KXanzfaj6Ou6u38HhVpZ1-hUPAfnCSJnIPCokvHMkbwcRW6C2KkD1TUcmZQAvQscJLsunsznCwGAOMU:1kuWmL:AoTv3P0Skm_rmWTF1FXTsuYX3Ls1tU77jzKqeqimRQ0", "expire_date": "2021-01-13T08:24:21.160Z"}}, {"model": "sessions.session", "pk": "x3srg3i5oplyd6kp3gieemhejic443f4", "fields": {"session_data": ".eJxVjEEOwiAQAP_C2RBBYFmP3vuGZllAqgaS0p6MfzckPeh1ZjJvMdO-lXnvaZ2XKK5CidMvC8TPVIeID6r3JrnVbV2CHIk8bJdTi-l1O9q_QaFexjZnQyoEq9mps9ZITju8-OiZvIdgIYNRjjMD2IwQPUBioxGRlDNafL7VSTc4:1kxXzQ:Nv1E7dwP6sEAO2PGjkvsn6vA47R4xQeQZtA86Ry0Hmc", "expire_date": "2021-01-21T16:18:20.243Z"}}, {"model": "gallery.category", "pk": 1, "fields": {"name": "Paysage", "creation_date": "2020-12-21T12:24:21.013Z", "in_menu": false, "order_menu": 0}}, {"model": "gallery.category", "pk": 2, "fields": {"name": "Ville", "creation_date": "2020-12-21T12:24:25.573Z", "in_menu": false, "order_menu": 0}}, {"model": "gallery.category", "pk": 3, "fields": {"name": "Mer", "creation_date": "2020-12-21T12:24:29.919Z", "in_menu": false, "order_menu": 0}}, {"model": "gallery.category", "pk": 4, "fields": {"name": "Noir et Blanc", "creation_date": "2020-12-28T09:09:33.613Z", "in_menu": false, "order_menu": 0}}, {"model": "gallery.category", "pk": 5, "fields": {"name": "Divers", "creation_date": "2021-01-03T12:02:51.914Z", "in_menu": false, "order_menu": 0}}, {"model": "gallery.picture", "pk": 1, "fields": {"title": "Paris, la Seine", "file_name": "images/2413671523_943197dedc_b_RQYPvBc.jpg", "description": "Te dixisti tui ea etiamsi sint sine non sine admonitum esse rerum te quam ingenii omnes falso ingenii petulanter in.", "technical": "Te dixisti tui ea etiamsi sint sine non sine admonitum esse rerum te quam ingenii omnes falso ingenii petulanter in.", "camera": "Fuji x-pro 2", "lens": "17-35", "place": "Paris", "taken_date": "2020-12-12", "global_score": 2.75, "upload_date": "2020-12-21T12:32:10.309Z", "user": 2, "categories": [2]}}, {"model": "gallery.picture", "pk": 2, "fields": {"title": "Paris, Canal Saint Martin", "file_name": "images/2553702013_08810c65f5_b.jpg", "description": "Perennis credite publicam vosmet meus quod et in Hic Patres conscripti (id facitis patriae Hic periculis rem atque rem restituit.", "technical": "Perennis credite publicam vosmet meus quod et in Hic Patres conscripti (id facitis patriae Hic periculis rem atque rem restituit.", "camera": "Fuji x-pro 2", "lens": "17-35", "place": "Paris", "taken_date": "2020-12-12", "global_score": 0.0, "upload_date": "2020-12-21T12:38:49.645Z", "user": 2, "categories": [2]}}, {"model": "gallery.picture", "pk": 3, "fields": {"title": "Marais", "file_name": "images/2992934114_c933223730_b.jpg", "description": "Perennis credite publicam vosmet meus quod et in Hic Patres conscripti (id facitis patriae Hic periculis rem atque rem restituit.", "technical": "Perennis credite publicam vosmet meus quod et in Hic Patres conscripti (id facitis patriae Hic periculis rem atque rem restituit.", "camera": "Fuji x-pro 2", "lens": "17-35", "place": "Paris", "taken_date": "2020-12-12", "global_score": 3.75, "upload_date": "2020-12-21T12:41:37.835Z", "user": 2, "categories": [1]}}, {"model": "gallery.picture", "pk": 4, "fields": {"title": "Paris, jardin des Tuileries", "file_name": "images/2413792955_b9050c67e1_b.jpg", "description": "Perennis credite publicam vosmet meus quod et in Hic Patres conscripti (id facitis patriae Hic periculis rem atque rem restituit.", "technical": "Perennis credite publicam vosmet meus quod et in Hic Patres conscripti (id facitis patriae Hic periculis rem atque rem restituit.", "camera": "Fuji x-pro 2", "lens": "17-35", "place": "Paris", "taken_date": "2020-12-12", "global_score": 0.0, "upload_date": "2020-12-21T12:45:09.731Z", "user": 2, "categories": [2]}}, {"model": "gallery.picture", "pk": 5, "fields": {"title": "Barques", "file_name": "images/4570511183_da3a70b64d_o.jpg", "description": "Perennis credite publicam vosmet meus quod et in Hic Patres conscripti (id facitis patriae Hic periculis rem atque rem restituit.", "technical": "Perennis credite publicam vosmet meus quod et in Hic Patres conscripti (id facitis patriae Hic periculis rem atque rem restituit.", "camera": "Fuji x-pro 2", "lens": "17-35", "place": "Marais", "taken_date": "2020-12-12", "global_score": 0.0, "upload_date": "2020-12-21T12:49:17.383Z", "user": 2, "categories": [1]}}, {"model": "gallery.picture", "pk": 6, "fields": {"title": "Bord de mer", "file_name": "images/2908804193_f555ffaf2e_b.jpg", "description": "Servabantur praetenturis omnes cogitabat extimas et omnes cuncta autem quia impetrasset huius servabantur erat praetenturis quod autem Osdroenae erat adgressus.", "technical": "Servabantur praetenturis omnes cogitabat extimas et omnes cuncta autem quia impetrasset huius servabantur erat praetenturis quod autem Osdroenae erat adgressus.", "camera": "Fuji x-pro 2", "lens": "17-35", "place": "Loire Atlantique", "taken_date": "2020-12-12", "global_score": 4.0, "upload_date": "2020-12-21T14:20:33.286Z", "user": 3, "categories": [3]}}, {"model": "gallery.picture", "pk": 7, "fields": {"title": "Buron en Auvergne", "file_name": "images/4086144347_5a509bc0fa_o.jpg", "description": "Dierum que homines consilium idem erat publicae dignitati antea bellis.", "technical": "Dierum que homines consilium idem erat publicae dignitati antea bellis.", "camera": "Fuji x-pro 2", "lens": "17-35", "place": "Auvergne, Cantal", "taken_date": "2020-12-12", "global_score": 4.0, "upload_date": "2020-12-21T15:03:49.793Z", "user": 3, "categories": [1]}}, {"model": "gallery.picture", "pk": 8, "fields": {"title": "Por'z Poulhan", "file_name": "images/5078742611_72749e963d_b.jpg", "description": "Dierum que homines consilium idem erat publicae dignitati antea bellis.", "technical": "Dierum que homines consilium idem erat publicae dignitati antea bellis.", "camera": "Fuji x-pro 2", "lens": "17-35", "place": "Bretagne, FinistÞre", "taken_date": "2020-12-12", "global_score": 4.5, "upload_date": "2020-12-27T09:11:19.009Z", "user": 4, "categories": [3]}}, {"model": "gallery.picture", "pk": 9, "fields": {"title": "Pornic (44)", "file_name": "images/3342638898_4272e5d72c_b.jpg", "description": "Photo Bord de mer", "technical": "Technique utilisÚe : Noir et blanc", "camera": "Fuji x-pro 2", "lens": "17-35", "place": "Pornic", "taken_date": "2010-12-01", "global_score": 4.0, "upload_date": "2020-12-28T09:09:09.272Z", "user": 4, "categories": [1, 3, 4, 5]}}, {"model": "gallery.picture", "pk": 10, "fields": {"title": "Passage couvert - Paris", "file_name": "images/3444892453_59d0666d47_b.jpg", "description": "Passage couvert - Paris", "technical": "Rien de particulier", "camera": "Fuji x-pro 2", "lens": "17-35", "place": "Paris", "taken_date": "2010-12-01", "global_score": 3.5, "upload_date": "2020-12-30T11:37:01.388Z", "user": 1, "categories": [2]}}, {"model": "gallery.picture", "pk": 13, "fields": {"title": "Canal Saint Martin", "file_name": "images/4258160088_8e9cacc393_b.jpg", "description": "Canal Saint Martin l'hiver", "technical": "En noir et blanc", "camera": null, "lens": null, "place": null, "taken_date": null, "global_score": 0.0, "upload_date": "2021-01-06T16:00:24.370Z", "user": 2, "categories": [2, 4]}}, {"model": "users.customuser", "pk": 1, "fields": {"password": "pbkdf2_sha256$216000$NTbDTFNNYxmh$s5uXc/kns/e+JdeuGpnQAJKzI564GD9UGzKHM+3mBe4=", "last_login": "2021-01-07T16:18:20.238Z", "is_superuser": true, "username": "admin", "first_name": "", "last_name": "", "email": "admin@example.com", "is_staff": true, "is_active": true, "date_joined": "2020-12-21T12:23:38.583Z", "city": "", "biography": "", "groups": [], "user_permissions": []}}, {"model": "users.customuser", "pk": 2, "fields": {"password": "pbkdf2_sha256$216000$AMeOcJ82P0Mj$1eC7/EEw/PZ8GAM8s96iKH0shm6rUsECxtYmKmqk3tY=", "last_login": "2021-01-06T16:56:49.516Z", "is_superuser": false, "username": "stephane", "first_name": "StÚphane", "last_name": "DAUGUET", "email": "sdauguet@gmail.com", "is_staff": false, "is_active": true, "date_joined": "2020-12-21T12:31:16Z", "city": "RENNES", "biography": "Blabla", "groups": [], "user_permissions": []}}, {"model": "users.customuser", "pk": 3, "fields": {"password": "pbkdf2_sha256$216000$WqZSyrCba2eW$yxxoj35nWdOwMYX+tLgoOaqcip3J3/GcMwqFM1CppLA=", "last_login": "2020-12-30T17:36:30.394Z", "is_superuser": false, "username": "lilou", "first_name": "", "last_name": "", "email": "lilou@example.com", "is_staff": false, "is_active": true, "date_joined": "2020-12-21T14:11:29.741Z", "city": "", "biography": "", "groups": [], "user_permissions": []}}, {"model": "users.customuser", "pk": 4, "fields": {"password": "pbkdf2_sha256$216000$pUwJd5z4xHHE$oOTT3hYwwev3hMdYzUnTmoRuq1ie87JyZ2S9oFgaY/4=", "last_login": "2021-01-05T15:36:49.271Z", "is_superuser": false, "username": "pseudo", "first_name": "", "last_name": "", "email": "pseudo@exmple.com", "is_staff": false, "is_active": true, "date_joined": "2020-12-27T09:09:36.987Z", "city": "", "biography": "", "groups": [], "user_permissions": []}}, {"model": "review.review", "pk": 36, "fields": {"score_intention": 3, "score_technical": 3, "score_picture": 4, "score_global": 4, "comment_intention": "Saluti et acie ut dentium Gallus dentium quavis opperiens saluti cum stridens omnes viri mihi opperiens vobiscum vobiscum colligi armatos", "comment_technical": "Saluti et acie ut dentium Gallus dentium quavis opperiens saluti cum stridens omnes viri mihi opperiens vobiscum vobiscum colligi armatos", "comment_picture": "Saluti et acie ut dentium Gallus dentium quavis opperiens saluti cum stridens omnes viri mihi opperiens vobiscum vobiscum colligi armatos", "comment_global": "Saluti et acie ut dentium Gallus dentium quavis opperiens saluti cum stridens omnes viri mihi opperiens vobiscum vobiscum colligi armatos", "calculated_score": 3.5, "review_date": "2020-12-30T11:33:07.608Z", "picture": 9, "user": 1}}, {"model": "review.review", "pk": 37, "fields": {"score_intention": 3, "score_technical": 2, "score_picture": 3, "score_global": 3, "comment_intention": "Saluti et acie ut dentium Gallus dentium quavis opperiens saluti cum stridens omnes viri mihi opperiens vobiscum vobiscum colligi armatos", "comment_technical": "Saluti et acie ut dentium Gallus dentium quavis opperiens saluti cum stridens omnes viri mihi opperiens vobiscum vobiscum colligi armatos", "comment_picture": "Saluti et acie ut dentium Gallus dentium quavis opperiens saluti cum stridens omnes viri mihi opperiens vobiscum vobiscum colligi armatos", "comment_global": "Saluti et acie ut dentium Gallus dentium quavis opperiens saluti cum stridens omnes viri mihi opperiens vobiscum vobiscum colligi armatos", "calculated_score": 2.75, "review_date": "2020-12-30T11:38:20.988Z", "picture": 1, "user": 1}}, {"model": "review.review", "pk": 39, "fields": {"score_intention": 4, "score_technical": 5, "score_picture": 4, "score_global": 5, "comment_intention": "Verbis arbitrantur amicitias levandi ut faciunt qui debent debent iis qui putant ipsi quidam ut qui levandi amicitias putant sunt.", "comment_technical": "Verbis arbitrantur amicitias levandi ut faciunt qui debent debent iis qui putant ipsi quidam ut qui levandi amicitias putant sunt.", "comment_picture": "Verbis arbitrantur amicitias levandi ut faciunt qui debent.\r\nDebent iis qui putant ipsi quidam ut qui levandi amicitias putant sunt.", "comment_global": "Verbis arbitrantur amicitias levandi ut faciunt qui debent debent iis qui putant ipsi quidam ut qui levandi amicitias putant sunt.", "calculated_score": 4.5, "review_date": "2020-12-30T16:38:42.281Z", "picture": 9, "user": 2}}, {"model": "review.review", "pk": 40, "fields": {"score_intention": 5, "score_technical": 5, "score_picture": 5, "score_global": 5, "comment_intention": "", "comment_technical": "", "comment_picture": "", "comment_global": "", "calculated_score": 5.0, "review_date": "2020-12-30T16:39:34.306Z", "picture": 8, "user": 2}}, {"model": "review.review", "pk": 41, "fields": {"score_intention": 4, "score_technical": 4, "score_picture": 3, "score_global": 5, "comment_intention": "Dicioni imosque Gnaeus provincias pedes montis ambiens Armeniorum Orontes quas.", "comment_technical": "Dicioni imosque Gnaeus provincias pedes montis ambiens Armeniorum Orontes quas.", "comment_picture": "Dicioni imosque Gnaeus provincias pedes montis ambiens Armeniorum Orontes quas.", "comment_global": "Dicioni imosque Gnaeus \r\nprovincias pedes montis ambiens \r\nArmeniorum Orontes quas.", "calculated_score": 4.0, "review_date": "2020-12-30T17:06:24.345Z", "picture": 7, "user": 2}}, {"model": "review.review", "pk": 44, "fields": {"score_intention": 4, "score_technical": 4, "score_picture": 4, "score_global": 4, "comment_intention": "", "comment_technical": "", "comment_picture": "", "comment_global": "", "calculated_score": 4.0, "review_date": "2021-01-04T10:03:49.807Z", "picture": 8, "user": 1}}, {"model": "review.review", "pk": 45, "fields": {"score_intention": 3, "score_technical": 3, "score_picture": 4, "score_global": 4, "comment_intention": "Dicioni imosque Gnaeus provincias pedes montis ambiens Armeniorum Orontes quas.", "comment_technical": "Dicioni imosque Gnaeus provincias pedes montis ambiens Armeniorum Orontes quas.", "comment_picture": "Dicioni imosque Gnaeus provincias pedes montis ambiens Armeniorum Orontes quas.", "comment_global": "Dicioni imosque Gnaeus provincias pedes montis ambiens Armeniorum Orontes quas.", "calculated_score": 3.5, "review_date": "2021-01-05T15:28:49.387Z", "picture": 10, "user": 2}}, {"model": "review.review", "pk": 54, "fields": {"score_intention": 4, "score_technical": 4, "score_picture": 3, "score_global": 3, "comment_intention": "", "comment_technical": "", "comment_picture": "", "comment_global": "", "calculated_score": 3.5, "review_date": "2021-01-05T16:33:39.774Z", "picture": 10, "user": 4}}, {"model": "review.review", "pk": 55, "fields": {"score_intention": 4, "score_technical": 4, "score_picture": 3, "score_global": 5, "comment_intention": "", "comment_technical": "", "comment_picture": "", "comment_global": "", "calculated_score": 4.0, "review_date": "2021-01-05T16:44:00.388Z", "picture": 7, "user": 4}}, {"model": "review.review", "pk": 56, "fields": {"score_intention": 4, "score_technical": 3, "score_picture": 4, "score_global": 4, "comment_intention": "Maximas esse in certamen vel tamen in provecti in interdum.", "comment_technical": "Maximas esse in certamen vel tamen in provecti in interdum.", "comment_picture": "Maximas esse in certamen vel tamen in provecti in interdum.", "comment_global": "Maximas esse in certamen vel tamen in provecti in interdum.", "calculated_score": 3.75, "review_date": "2021-01-05T16:52:44.212Z", "picture": 3, "user": 4}}, {"model": "review.review", "pk": 57, "fields": {"score_intention": 4, "score_technical": 4, "score_picture": 4, "score_global": 4, "comment_intention": "Commentaire", "comment_technical": "", "comment_picture": "", "comment_global": "", "calculated_score": 4.0, "review_date": "2021-01-06T17:16:08.199Z", "picture": 6, "user": 2}}, {"model": "contest.contest", "pk": 1, "fields": {"title": "Concours janvier (dÚpot en cours)", "theme": "Test sur dÚpot", "description": "C'est un test sur le dÚpot", "date_begin_upload": "2020-12-01", "date_end_upload": "2020-12-31", "deposit": true, "date_begin_vote": "2021-01-01", "date_end_vote": "2021-01-31", "vote_open": false, "archived": false, "date_creation": "2020-12-27T17:15:22.245Z", "contest_image": "images/2992934114_c933223730_b_OThZJ0a.jpg"}}, {"model": "contest.contest", "pk": 2, "fields": {"title": "Concours dÚcembre (vote en cours)", "theme": "Test sur vote", "description": "Test sur vote", "date_begin_upload": "2020-11-01", "date_end_upload": "2020-11-30", "deposit": false, "date_begin_vote": "2020-12-01", "date_end_vote": "2020-12-31", "vote_open": true, "archived": false, "date_creation": "2020-12-27T17:16:36.465Z", "contest_image": "images/2413671523_943197dedc_b_mW2qUp1.jpg"}}, {"model": "contest.contest", "pk": 3, "fields": {"title": "exemple d'un concours archivÚ", "theme": "concours archivÚ", "description": "blabla\r\nbla\r\nconcours archivÚ\r\nblabla\r\nbla blabla", "date_begin_upload": "2020-12-01", "date_end_upload": "2020-12-10", "deposit": false, "date_begin_vote": "2020-12-01", "date_end_vote": "2020-12-15", "vote_open": false, "archived": true, "date_creation": "2020-12-27T17:22:42.461Z", "contest_image": "images/3128279975_78641232f3_b.jpg"}}, {"model": "contest.contestpicture", "pk": 24, "fields": {"picture": 9, "contest": 2, "date_upload": "2020-12-28T15:11:47.073Z", "score_contest": 3}}, {"model": "contest.contestpicture", "pk": 25, "fields": {"picture": 8, "contest": 2, "date_upload": "2020-12-28T15:11:53.174Z", "score_contest": 3}}, {"model": "contest.contestpicture", "pk": 26, "fields": {"picture": 6, "contest": 1, "date_upload": "2020-12-28T16:20:05.559Z", "score_contest": 0}}, {"model": "contest.contestpicture", "pk": 27, "fields": {"picture": 1, "contest": 1, "date_upload": "2020-12-28T16:20:17.892Z", "score_contest": 0}}, {"model": "contest.contestpicture", "pk": 28, "fields": {"picture": 2, "contest": 1, "date_upload": "2020-12-28T16:20:25.052Z", "score_contest": 0}}, {"model": "contest.contestpicture", "pk": 29, "fields": {"picture": 3, "contest": 1, "date_upload": "2020-12-28T16:20:32.575Z", "score_contest": 0}}, {"model": "contest.contestpicture", "pk": 30, "fields": {"picture": 5, "contest": 2, "date_upload": "2020-12-28T16:40:34.935Z", "score_contest": 3}}, {"model": "contest.contestpicture", "pk": 31, "fields": {"picture": 7, "contest": 2, "date_upload": "2020-12-28T16:42:15.116Z", "score_contest": 2}}, {"model": "contest.contestpicture", "pk": 32, "fields": {"picture": 1, "contest": 2, "date_upload": "2020-12-28T16:42:29.341Z", "score_contest": 3}}, {"model": "contest.contestpicture", "pk": 33, "fields": {"picture": 7, "contest": 1, "date_upload": "2020-12-29T17:08:42.665Z", "score_contest": 0}}, {"model": "contest.contestpicture", "pk": 34, "fields": {"picture": 9, "contest": 1, "date_upload": "2020-12-29T17:32:30.310Z", "score_contest": 0}}, {"model": "contest.contestpicture", "pk": 35, "fields": {"picture": 8, "contest": 1, "date_upload": "2020-12-29T17:32:33.577Z", "score_contest": 0}}, {"model": "contest.contestpicture", "pk": 36, "fields": {"picture": 4, "contest": 1, "date_upload": "2020-12-29T17:39:39.888Z", "score_contest": 0}}, {"model": "contest.vote", "pk": 12, "fields": {"user": 1, "contest_picture": 25, "score": 1, "date_score": "2020-12-28T15:14:57.166Z"}}, {"model": "contest.vote", "pk": 13, "fields": {"user": 1, "contest_picture": 24, "score": 1, "date_score": "2020-12-28T15:14:59.628Z"}}, {"model": "contest.vote", "pk": 14, "fields": {"user": 2, "contest_picture": 25, "score": 1, "date_score": "2020-12-28T15:24:42.269Z"}}, {"model": "contest.vote", "pk": 15, "fields": {"user": 2, "contest_picture": 24, "score": 1, "date_score": "2020-12-28T15:24:48.353Z"}}, {"model": "contest.vote", "pk": 16, "fields": {"user": 1, "contest_picture": 30, "score": 1, "date_score": "2020-12-28T16:40:51.250Z"}}, {"model": "contest.vote", "pk": 17, "fields": {"user": 2, "contest_picture": 31, "score": 1, "date_score": "2020-12-28T18:01:30.651Z"}}, {"model": "contest.vote", "pk": 18, "fields": {"user": 3, "contest_picture": 32, "score": 1, "date_score": "2020-12-29T15:58:55.151Z"}}, {"model": "contest.vote", "pk": 19, "fields": {"user": 3, "contest_picture": 30, "score": 1, "date_score": "2020-12-29T16:56:19.378Z"}}, {"model": "contest.vote", "pk": 20, "fields": {"user": 4, "contest_picture": 31, "score": 1, "date_score": "2020-12-29T17:36:00.823Z"}}, {"model": "contest.vote", "pk": 21, "fields": {"user": 4, "contest_picture": 30, "score": 1, "date_score": "2020-12-29T17:36:26.071Z"}}, {"model": "contest.vote", "pk": 22, "fields": {"user": 4, "contest_picture": 32, "score": 1, "date_score": "2020-12-29T17:36:31.882Z"}}, {"model": "contest.vote", "pk": 23, "fields": {"user": 3, "contest_picture": 24, "score": 1, "date_score": "2020-12-30T17:36:39.645Z"}}, {"model": "contest.vote", "pk": 24, "fields": {"user": 3, "contest_picture": 25, "score": 1, "date_score": "2020-12-30T17:36:43.259Z"}}, {"model": "contest.vote", "pk": 25, "fields": {"user": 1, "contest_picture": 32, "score": 1, "date_score": "2021-01-04T08:30:24.113Z"}}]
