[{"model": "admin.logentry", "pk": 1, "fields": {"action_time": "2020-12-21T12:24:21.016Z", "user": 1, "content_type": 6, "object_id": "1", "object_repr": "Paysage", "action_flag": 1, "change_message": "[{\"added\": {}}]"}}, {"model": "admin.logentry", "pk": 2, "fields": {"action_time": "2020-12-21T12:24:25.574Z", "user": 1, "content_type": 6, "object_id": "2", "object_repr": "Ville", "action_flag": 1, "change_message": "[{\"added\": {}}]"}}, {"model": "admin.logentry", "pk": 3, "fields": {"action_time": "2020-12-21T12:24:29.920Z", "user": 1, "content_type": 6, "object_id": "3", "object_repr": "Mer", "action_flag": 1, "change_message": "[{\"added\": {}}]"}}, {"model": "admin.logentry", "pk": 4, "fields": {"action_time": "2020-12-23T15:04:42.862Z", "user": 1, "content_type": 13, "object_id": "2", "object_repr": "Buron en Auvergne (images/4086144347_5a509bc0fa_o.jpg) - stephane", "action_flag": 3, "change_message": ""}}, {"model": "admin.logentry", "pk": 5, "fields": {"action_time": "2020-12-27T10:35:35.713Z", "user": 1, "content_type": 13, "object_id": "10", "object_repr": "Barques (images/4570511183_da3a70b64d_o.jpg) - pseudo", "action_flag": 3, "change_message": ""}}, {"model": "admin.logentry", "pk": 6, "fields": {"action_time": "2020-12-27T10:35:35.723Z", "user": 1, "content_type": 13, "object_id": "9", "object_repr": "Paris, jardin des Tuileries (images/2413792955_b9050c67e1_b.jpg) - pseudo", "action_flag": 3, "change_message": ""}}, {"model": "admin.logentry", "pk": 7, "fields": {"action_time": "2020-12-27T10:35:35.729Z", "user": 1, "content_type": 13, "object_id": "8", "object_repr": "Paris, jardin des Tuileries (images/2413792955_b9050c67e1_b.jpg) - pseudo", "action_flag": 3, "change_message": ""}}, {"model": "admin.logentry", "pk": 8, "fields": {"action_time": "2020-12-27T10:35:35.735Z", "user": 1, "content_type": 13, "object_id": "7", "object_repr": "Bord de mer (images/2908804193_f555ffaf2e_b.jpg) - pseudo", "action_flag": 3, "change_message": ""}}, {"model": "admin.logentry", "pk": 9, "fields": {"action_time": "2020-12-27T10:35:35.740Z", "user": 1, "content_type": 13, "object_id": "6", "object_repr": "Buron en Auvergne (images/4086144347_5a509bc0fa_o.jpg) - pseudo", "action_flag": 3, "change_message": ""}}, {"model": "admin.logentry", "pk": 10, "fields": {"action_time": "2020-12-27T10:35:35.745Z", "user": 1, "content_type": 13, "object_id": "5", "object_repr": "Barques (images/4570511183_da3a70b64d_o.jpg) - lilou", "action_flag": 3, "change_message": ""}}, {"model": "admin.logentry", "pk": 11, "fields": {"action_time": "2020-12-27T10:35:35.756Z", "user": 1, "content_type": 13, "object_id": "4", "object_repr": "Marais (images/2992934114_c933223730_b.jpg) - lilou", "action_flag": 3, "change_message": ""}}, {"model": "admin.logentry", "pk": 12, "fields": {"action_time": "2020-12-27T10:35:35.761Z", "user": 1, "content_type": 13, "object_id": "3", "object_repr": "Bord de mer (images/2908804193_f555ffaf2e_b.jpg) - admin", "action_flag": 3, "change_message": ""}}, {"model": "admin.logentry", "pk": 13, "fields": {"action_time": "2020-12-27T10:35:35.766Z", "user": 1, "content_type": 13, "object_id": "1", "object_repr": "Buron en Auvergne (images/4086144347_5a509bc0fa_o.jpg) - stephane", "action_flag": 3, "change_message": ""}}, {"model": "admin.logentry", "pk": 14, "fields": {"action_time": "2020-12-27T10:36:03.898Z", "user": 1, "content_type": 7, "object_id": "7", "object_repr": "Buron en Auvergne (images/4086144347_5a509bc0fa_o.jpg)", "action_flag": 2, "change_message": "[{\"changed\": {\"fields\": [\"Note globale\"]}}]"}}, {"model": "admin.logentry", "pk": 15, "fields": {"action_time": "2020-12-27T10:36:14.147Z", "user": 1, "content_type": 7, "object_id": "6", "object_repr": "Bord de mer (images/2908804193_f555ffaf2e_b.jpg)", "action_flag": 2, "change_message": "[{\"changed\": {\"fields\": [\"Note globale\"]}}]"}}, {"model": "admin.logentry", "pk": 16, "fields": {"action_time": "2020-12-27T10:36:23.059Z", "user": 1, "content_type": 7, "object_id": "5", "object_repr": "Barques (images/4570511183_da3a70b64d_o.jpg)", "action_flag": 2, "change_message": "[{\"changed\": {\"fields\": [\"Note globale\"]}}]"}}, {"model": "admin.logentry", "pk": 17, "fields": {"action_time": "2020-12-27T10:36:32.093Z", "user": 1, "content_type": 7, "object_id": "4", "object_repr": "Paris, jardin des Tuileries (images/2413792955_b9050c67e1_b.jpg)", "action_flag": 2, "change_message": "[{\"changed\": {\"fields\": [\"Note globale\"]}}]"}}, {"model": "admin.logentry", "pk": 18, "fields": {"action_time": "2020-12-27T10:36:41.915Z", "user": 1, "content_type": 7, "object_id": "3", "object_repr": "Marais (images/2992934114_c933223730_b.jpg)", "action_flag": 2, "change_message": "[{\"changed\": {\"fields\": [\"Note globale\"]}}]"}}, {"model": "admin.logentry", "pk": 19, "fields": {"action_time": "2020-12-27T10:42:26.048Z", "user": 1, "content_type": 7, "object_id": "5", "object_repr": "Barques (images/4570511183_da3a70b64d_o.jpg)", "action_flag": 2, "change_message": "[{\"changed\": {\"fields\": [\"Note globale\"]}}]"}}, {"model": "admin.logentry", "pk": 20, "fields": {"action_time": "2020-12-27T15:15:18.089Z", "user": 1, "content_type": 13, "object_id": "19", "object_repr": "Por'z Poulhan (images/5078742611_72749e963d_b.jpg) - admin", "action_flag": 3, "change_message": ""}}, {"model": "admin.logentry", "pk": 21, "fields": {"action_time": "2020-12-27T15:15:18.101Z", "user": 1, "content_type": 13, "object_id": "18", "object_repr": "Por'z Poulhan (images/5078742611_72749e963d_b.jpg) - admin", "action_flag": 3, "change_message": ""}}, {"model": "admin.logentry", "pk": 22, "fields": {"action_time": "2020-12-27T15:15:18.106Z", "user": 1, "content_type": 13, "object_id": "15", "object_repr": "Barques (images/4570511183_da3a70b64d_o.jpg) - pseudo", "action_flag": 3, "change_message": ""}}, {"model": "admin.logentry", "pk": 23, "fields": {"action_time": "2020-12-27T15:15:18.111Z", "user": 1, "content_type": 13, "object_id": "14", "object_repr": "Barques (images/4570511183_da3a70b64d_o.jpg) - pseudo", "action_flag": 3, "change_message": ""}}, {"model": "admin.logentry", "pk": 24, "fields": {"action_time": "2020-12-27T17:15:22.288Z", "user": 1, "content_type": 16, "object_id": "1", "object_repr": "Concours en cours de d├®pot", "action_flag": 1, "change_message": "[{\"added\": {}}]"}}, {"model": "admin.logentry", "pk": 25, "fields": {"action_time": "2020-12-27T17:16:36.504Z", "user": 1, "content_type": 16, "object_id": "2", "object_repr": "Concours en cours de vote", "action_flag": 1, "change_message": "[{\"added\": {}}]"}}, {"model": "admin.logentry", "pk": 26, "fields": {"action_time": "2020-12-27T17:22:42.518Z", "user": 1, "content_type": 16, "object_id": "3", "object_repr": "concours archiv├®", "action_flag": 1, "change_message": "[{\"added\": {}}]"}}, {"model": "admin.logentry", "pk": 27, "fields": {"action_time": "2020-12-28T08:16:51.698Z", "user": 1, "content_type": 14, "object_id": "1", "object_repr": "Por'z Poulhan (images/5078742611_72749e963d_b.jpg) - Concours en cours de d├®pot", "action_flag": 1, "change_message": "[{\"added\": {}}]"}}, {"model": "admin.logentry", "pk": 28, "fields": {"action_time": "2020-12-28T08:17:00.562Z", "user": 1, "content_type": 14, "object_id": "2", "object_repr": "Buron en Auvergne (images/4086144347_5a509bc0fa_o.jpg) - Concours en cours de d├®pot", "action_flag": 1, "change_message": "[{\"added\": {}}]"}}, {"model": "admin.logentry", "pk": 29, "fields": {"action_time": "2020-12-28T08:17:06.443Z", "user": 1, "content_type": 14, "object_id": "3", "object_repr": "Por'z Poulhan (images/5078742611_72749e963d_b.jpg) - Concours en cours de d├®pot", "action_flag": 1, "change_message": "[{\"added\": {}}]"}}, {"model": "admin.logentry", "pk": 30, "fields": {"action_time": "2020-12-28T09:01:28.605Z", "user": 1, "content_type": 16, "object_id": "3", "object_repr": "concours archiv├®", "action_flag": 2, "change_message": "[{\"changed\": {\"fields\": [\"Date de fin d\\u00e9pot photo\"]}}]"}}, {"model": "admin.logentry", "pk": 31, "fields": {"action_time": "2020-12-28T09:09:09.278Z", "user": 1, "content_type": 7, "object_id": "9", "object_repr": "Pornic (44) (images/3342638898_4272e5d72c_b.jpg)", "action_flag": 1, "change_message": "[{\"added\": {}}]"}}, {"model": "admin.logentry", "pk": 32, "fields": {"action_time": "2020-12-28T09:09:33.616Z", "user": 1, "content_type": 6, "object_id": "4", "object_repr": "Noir et Blanc", "action_flag": 1, "change_message": "[{\"added\": {}}]"}}, {"model": "admin.logentry", "pk": 33, "fields": {"action_time": "2020-12-28T09:10:16.733Z", "user": 1, "content_type": 16, "object_id": "1", "object_repr": "Concours en cours de d├®pot", "action_flag": 2, "change_message": "[{\"changed\": {\"fields\": [\"D\\u00e9pot photo autoris\\u00e9\"]}}]"}}, {"model": "admin.logentry", "pk": 34, "fields": {"action_time": "2020-12-28T09:10:26.330Z", "user": 1, "content_type": 16, "object_id": "2", "object_repr": "Concours en cours de vote", "action_flag": 2, "change_message": "[{\"changed\": {\"fields\": [\"Vote en cours\"]}}]"}}, {"model": "admin.logentry", "pk": 35, "fields": {"action_time": "2020-12-28T09:10:34.571Z", "user": 1, "content_type": 16, "object_id": "3", "object_repr": "concours archiv├®", "action_flag": 2, "change_message": "[{\"changed\": {\"fields\": [\"Concours archiv\\u00e9\"]}}]"}}, {"model": "admin.logentry", "pk": 36, "fields": {"action_time": "2020-12-28T09:55:03.787Z", "user": 1, "content_type": 14, "object_id": "4", "object_repr": "Paris, la Seine (images/2413671523_943197dedc_b_RQYPvBc.jpg) - Concours en cours de d├®pot", "action_flag": 1, "change_message": "[{\"added\": {}}]"}}, {"model": "admin.logentry", "pk": 37, "fields": {"action_time": "2020-12-28T09:55:10.235Z", "user": 1, "content_type": 14, "object_id": "5", "object_repr": "Paris, Canal Saint Martin (images/2553702013_08810c65f5_b.jpg) - Concours en cours de d├®pot", "action_flag": 1, "change_message": "[{\"added\": {}}]"}}, {"model": "admin.logentry", "pk": 38, "fields": {"action_time": "2020-12-28T09:55:18.554Z", "user": 1, "content_type": 14, "object_id": "6", "object_repr": "Marais (images/2992934114_c933223730_b.jpg) - Concours en cours de d├®pot", "action_flag": 1, "change_message": "[{\"added\": {}}]"}}, {"model": "admin.logentry", "pk": 39, "fields": {"action_time": "2020-12-28T09:55:24.562Z", "user": 1, "content_type": 14, "object_id": "7", "object_repr": "Paris, jardin des Tuileries (images/2413792955_b9050c67e1_b.jpg) - Concours en cours de d├®pot", "action_flag": 1, "change_message": "[{\"added\": {}}]"}}, {"model": "admin.logentry", "pk": 40, "fields": {"action_time": "2020-12-28T10:24:32.502Z", "user": 1, "content_type": 14, "object_id": "8", "object_repr": "Pornic (44) (images/3342638898_4272e5d72c_b.jpg) - Concours en cours de vote", "action_flag": 1, "change_message": "[{\"added\": {}}]"}}, {"model": "admin.logentry", "pk": 41, "fields": {"action_time": "2020-12-28T10:24:41.603Z", "user": 1, "content_type": 14, "object_id": "9", "object_repr": "Por'z Poulhan (images/5078742611_72749e963d_b.jpg) - Concours en cours de vote", "action_flag": 1, "change_message": "[{\"added\": {}}]"}}, {"model": "admin.logentry", "pk": 42, "fields": {"action_time": "2020-12-28T10:24:48.938Z", "user": 1, "content_type": 14, "object_id": "10", "object_repr": "Buron en Auvergne (images/4086144347_5a509bc0fa_o.jpg) - Concours en cours de vote", "action_flag": 1, "change_message": "[{\"added\": {}}]"}}, {"model": "admin.logentry", "pk": 43, "fields": {"action_time": "2020-12-28T10:24:55.747Z", "user": 1, "content_type": 14, "object_id": "11", "object_repr": "Bord de mer (images/2908804193_f555ffaf2e_b.jpg) - Concours en cours de vote", "action_flag": 1, "change_message": "[{\"added\": {}}]"}}, {"model": "admin.logentry", "pk": 44, "fields": {"action_time": "2020-12-28T10:25:03.317Z", "user": 1, "content_type": 14, "object_id": "12", "object_repr": "Barques (images/4570511183_da3a70b64d_o.jpg) - Concours en cours de vote", "action_flag": 1, "change_message": "[{\"added\": {}}]"}}, {"model": "admin.logentry", "pk": 45, "fields": {"action_time": "2020-12-28T14:09:29.354Z", "user": 1, "content_type": 14, "object_id": "8", "object_repr": "Pornic (44) (images/3342638898_4272e5d72c_b.jpg) - Concours en cours de vote", "action_flag": 3, "change_message": ""}}, {"model": "admin.logentry", "pk": 46, "fields": {"action_time": "2020-12-28T14:16:08.866Z", "user": 1, "content_type": 14, "object_id": "12", "object_repr": "Barques (images/4570511183_da3a70b64d_o.jpg) - Concours en cours de vote", "action_flag": 3, "change_message": ""}}, {"model": "admin.logentry", "pk": 47, "fields": {"action_time": "2020-12-28T14:16:08.875Z", "user": 1, "content_type": 14, "object_id": "11", "object_repr": "Bord de mer (images/2908804193_f555ffaf2e_b.jpg) - Concours en cours de vote", "action_flag": 3, "change_message": ""}}, {"model": "admin.logentry", "pk": 48, "fields": {"action_time": "2020-12-28T14:16:08.881Z", "user": 1, "content_type": 14, "object_id": "10", "object_repr": "Buron en Auvergne (images/4086144347_5a509bc0fa_o.jpg) - Concours en cours de vote", "action_flag": 3, "change_message": ""}}, {"model": "admin.logentry", "pk": 49, "fields": {"action_time": "2020-12-28T14:16:08.887Z", "user": 1, "content_type": 14, "object_id": "9", "object_repr": "Por'z Poulhan (images/5078742611_72749e963d_b.jpg) - Concours en cours de vote", "action_flag": 3, "change_message": ""}}, {"model": "admin.logentry", "pk": 50, "fields": {"action_time": "2020-12-28T14:16:08.893Z", "user": 1, "content_type": 14, "object_id": "7", "object_repr": "Paris, jardin des Tuileries (images/2413792955_b9050c67e1_b.jpg) - Concours en cours de d├®pot", "action_flag": 3, "change_message": ""}}, {"model": "admin.logentry", "pk": 51, "fields": {"action_time": "2020-12-28T14:16:08.898Z", "user": 1, "content_type": 14, "object_id": "6", "object_repr": "Marais (images/2992934114_c933223730_b.jpg) - Concours en cours de d├®pot", "action_flag": 3, "change_message": ""}}, {"model": "admin.logentry", "pk": 52, "fields": {"action_time": "2020-12-28T14:16:08.909Z", "user": 1, "content_type": 14, "object_id": "5", "object_repr": "Paris, Canal Saint Martin (images/2553702013_08810c65f5_b.jpg) - Concours en cours de d├®pot", "action_flag": 3, "change_message": ""}}, {"model": "admin.logentry", "pk": 53, "fields": {"action_time": "2020-12-28T14:16:08.915Z", "user": 1, "content_type": 14, "object_id": "4", "object_repr": "Paris, la Seine (images/2413671523_943197dedc_b_RQYPvBc.jpg) - Concours en cours de d├®pot", "action_flag": 3, "change_message": ""}}, {"model": "admin.logentry", "pk": 54, "fields": {"action_time": "2020-12-28T14:16:08.920Z", "user": 1, "content_type": 14, "object_id": "3", "object_repr": "Por'z Poulhan (images/5078742611_72749e963d_b.jpg) - Concours en cours de d├®pot", "action_flag": 3, "change_message": ""}}, {"model": "admin.logentry", "pk": 55, "fields": {"action_time": "2020-12-28T14:16:08.926Z", "user": 1, "content_type": 14, "object_id": "2", "object_repr": "Buron en Auvergne (images/4086144347_5a509bc0fa_o.jpg) - Concours en cours de d├®pot", "action_flag": 3, "change_message": ""}}, {"model": "admin.logentry", "pk": 56, "fields": {"action_time": "2020-12-28T14:16:08.932Z", "user": 1, "content_type": 14, "object_id": "1", "object_repr": "Por'z Poulhan (images/5078742611_72749e963d_b.jpg) - Concours en cours de d├®pot", "action_flag": 3, "change_message": ""}}, {"model": "admin.logentry", "pk": 57, "fields": {"action_time": "2020-12-28T14:16:25.222Z", "user": 1, "content_type": 14, "object_id": "13", "object_repr": "Pornic (44) (images/3342638898_4272e5d72c_b.jpg) - Concours en cours de vote", "action_flag": 1, "change_message": "[{\"added\": {}}]"}}, {"model": "admin.logentry", "pk": 58, "fields": {"action_time": "2020-12-28T14:16:39.556Z", "user": 1, "content_type": 14, "object_id": "14", "object_repr": "Por'z Poulhan (images/5078742611_72749e963d_b.jpg) - Concours en cours de vote", "action_flag": 1, "change_message": "[{\"added\": {}}]"}}, {"model": "admin.logentry", "pk": 59, "fields": {"action_time": "2020-12-28T14:16:46.667Z", "user": 1, "content_type": 14, "object_id": "15", "object_repr": "Buron en Auvergne (images/4086144347_5a509bc0fa_o.jpg) - Concours en cours de vote", "action_flag": 1, "change_message": "[{\"added\": {}}]"}}, {"model": "admin.logentry", "pk": 60, "fields": {"action_time": "2020-12-28T14:16:54.556Z", "user": 1, "content_type": 14, "object_id": "16", "object_repr": "Bord de mer (images/2908804193_f555ffaf2e_b.jpg) - Concours en cours de vote", "action_flag": 1, "change_message": "[{\"added\": {}}]"}}, {"model": "admin.logentry", "pk": 61, "fields": {"action_time": "2020-12-28T14:17:00.554Z", "user": 1, "content_type": 14, "object_id": "17", "object_repr": "Barques (images/4570511183_da3a70b64d_o.jpg) - Concours en cours de vote", "action_flag": 1, "change_message": "[{\"added\": {}}]"}}, {"model": "admin.logentry", "pk": 62, "fields": {"action_time": "2020-12-28T14:23:00.211Z", "user": 1, "content_type": 14, "object_id": "17", "object_repr": "Barques (images/4570511183_da3a70b64d_o.jpg) - Concours en cours de vote", "action_flag": 3, "change_message": ""}}, {"model": "admin.logentry", "pk": 63, "fields": {"action_time": "2020-12-28T14:23:00.219Z", "user": 1, "content_type": 14, "object_id": "16", "object_repr": "Bord de mer (images/2908804193_f555ffaf2e_b.jpg) - Concours en cours de vote", "action_flag": 3, "change_message": ""}}, {"model": "admin.logentry", "pk": 64, "fields": {"action_time": "2020-12-28T14:23:00.224Z", "user": 1, "content_type": 14, "object_id": "15", "object_repr": "Buron en Auvergne (images/4086144347_5a509bc0fa_o.jpg) - Concours en cours de vote", "action_flag": 3, "change_message": ""}}, {"model": "admin.logentry", "pk": 65, "fields": {"action_time": "2020-12-28T14:23:00.229Z", "user": 1, "content_type": 14, "object_id": "14", "object_repr": "Por'z Poulhan (images/5078742611_72749e963d_b.jpg) - Concours en cours de vote", "action_flag": 3, "change_message": ""}}, {"model": "admin.logentry", "pk": 66, "fields": {"action_time": "2020-12-28T14:23:00.234Z", "user": 1, "content_type": 14, "object_id": "13", "object_repr": "Pornic (44) (images/3342638898_4272e5d72c_b.jpg) - Concours en cours de vote", "action_flag": 3, "change_message": ""}}, {"model": "admin.logentry", "pk": 67, "fields": {"action_time": "2020-12-28T14:23:11.871Z", "user": 1, "content_type": 14, "object_id": "18", "object_repr": "Pornic (44) (images/3342638898_4272e5d72c_b.jpg) - Concours en cours de vote", "action_flag": 1, "change_message": "[{\"added\": {}}]"}}, {"model": "admin.logentry", "pk": 68, "fields": {"action_time": "2020-12-28T14:27:17.981Z", "user": 1, "content_type": 14, "object_id": "18", "object_repr": "Pornic (44) (images/3342638898_4272e5d72c_b.jpg) - Concours en cours de vote", "action_flag": 3, "change_message": ""}}, {"model": "admin.logentry", "pk": 69, "fields": {"action_time": "2020-12-28T14:27:27.949Z", "user": 1, "content_type": 14, "object_id": "19", "object_repr": "Pornic (44) (images/3342638898_4272e5d72c_b.jpg) - Concours en cours de vote", "action_flag": 1, "change_message": "[{\"added\": {}}]"}}, {"model": "admin.logentry", "pk": 70, "fields": {"action_time": "2020-12-28T14:28:15.322Z", "user": 1, "content_type": 14, "object_id": "19", "object_repr": "Pornic (44) (images/3342638898_4272e5d72c_b.jpg) - Concours en cours de vote", "action_flag": 3, "change_message": ""}}, {"model": "admin.logentry", "pk": 71, "fields": {"action_time": "2020-12-28T14:28:24.342Z", "user": 1, "content_type": 14, "object_id": "20", "object_repr": "Pornic (44) (images/3342638898_4272e5d72c_b.jpg) - Concours en cours de vote", "action_flag": 1, "change_message": "[{\"added\": {}}]"}}, {"model": "admin.logentry", "pk": 72, "fields": {"action_time": "2020-12-28T14:33:51.139Z", "user": 1, "content_type": 14, "object_id": "20", "object_repr": "Pornic (44) (images/3342638898_4272e5d72c_b.jpg) - Concours en cours de vote", "action_flag": 3, "change_message": ""}}, {"model": "admin.logentry", "pk": 73, "fields": {"action_time": "2020-12-28T14:34:01.277Z", "user": 1, "content_type": 14, "object_id": "21", "object_repr": "Por'z Poulhan (images/5078742611_72749e963d_b.jpg) - Concours en cours de vote", "action_flag": 1, "change_message": "[{\"added\": {}}]"}}, {"model": "admin.logentry", "pk": 74, "fields": {"action_time": "2020-12-28T14:35:02.811Z", "user": 1, "content_type": 15, "object_id": "8", "object_repr": "admin - Concours en cours de vote - Barques (images/4570511183_da3a70b64d_o.jpg)", "action_flag": 3, "change_message": ""}}, {"model": "admin.logentry", "pk": 75, "fields": {"action_time": "2020-12-28T14:35:02.820Z", "user": 1, "content_type": 15, "object_id": "7", "object_repr": "stephane - Concours en cours de vote - Por'z Poulhan (images/5078742611_72749e963d_b.jpg)", "action_flag": 3, "change_message": ""}}, {"model": "admin.logentry", "pk": 76, "fields": {"action_time": "2020-12-28T14:35:02.828Z", "user": 1, "content_type": 15, "object_id": "6", "object_repr": "stephane - Concours en cours de vote - Pornic (44) (images/3342638898_4272e5d72c_b.jpg)", "action_flag": 3, "change_message": ""}}, {"model": "admin.logentry", "pk": 77, "fields": {"action_time": "2020-12-28T14:35:02.833Z", "user": 1, "content_type": 15, "object_id": "5", "object_repr": "admin - Concours en cours de vote - Bord de mer (images/2908804193_f555ffaf2e_b.jpg)", "action_flag": 3, "change_message": ""}}, {"model": "admin.logentry", "pk": 78, "fields": {"action_time": "2020-12-28T14:35:02.838Z", "user": 1, "content_type": 15, "object_id": "4", "object_repr": "admin - Concours en cours de vote - Buron en Auvergne (images/4086144347_5a509bc0fa_o.jpg)", "action_flag": 3, "change_message": ""}}, {"model": "admin.logentry", "pk": 79, "fields": {"action_time": "2020-12-28T14:35:02.844Z", "user": 1, "content_type": 15, "object_id": "3", "object_repr": "admin - Concours en cours de vote - Por'z Poulhan (images/5078742611_72749e963d_b.jpg)", "action_flag": 3, "change_message": ""}}, {"model": "admin.logentry", "pk": 80, "fields": {"action_time": "2020-12-28T14:35:02.849Z", "user": 1, "content_type": 15, "object_id": "2", "object_repr": "admin - Concours en cours de vote - Pornic (44) (images/3342638898_4272e5d72c_b.jpg)", "action_flag": 3, "change_message": ""}}, {"model": "admin.logentry", "pk": 81, "fields": {"action_time": "2020-12-28T14:35:02.855Z", "user": 1, "content_type": 15, "object_id": "1", "object_repr": "admin - Concours en cours de d├®pot - Paris, la Seine (images/2413671523_943197dedc_b_RQYPvBc.jpg)", "action_flag": 3, "change_message": ""}}, {"model": "admin.logentry", "pk": 82, "fields": {"action_time": "2020-12-28T14:36:04.821Z", "user": 1, "content_type": 15, "object_id": "9", "object_repr": "admin - Concours en cours de vote - Por'z Poulhan (images/5078742611_72749e963d_b.jpg)", "action_flag": 3, "change_message": ""}}, {"model": "admin.logentry", "pk": 83, "fields": {"action_time": "2020-12-28T14:36:34.128Z", "user": 1, "content_type": 15, "object_id": "10", "object_repr": "admin - Concours en cours de vote - Por'z Poulhan (images/5078742611_72749e963d_b.jpg)", "action_flag": 3, "change_message": ""}}, {"model": "admin.logentry", "pk": 84, "fields": {"action_time": "2020-12-28T15:02:53.313Z", "user": 1, "content_type": 14, "object_id": "22", "object_repr": "Por'z Poulhan (images/5078742611_72749e963d_b.jpg) - Concours en cours de d├®pot", "action_flag": 1, "change_message": "[{\"added\": {}}]"}}, {"model": "admin.logentry", "pk": 85, "fields": {"action_time": "2020-12-28T15:03:01.021Z", "user": 1, "content_type": 14, "object_id": "23", "object_repr": "Pornic (44) (images/3342638898_4272e5d72c_b.jpg) - Concours en cours de d├®pot", "action_flag": 1, "change_message": "[{\"added\": {}}]"}}, {"model": "admin.logentry", "pk": 86, "fields": {"action_time": "2020-12-28T15:09:57.911Z", "user": 1, "content_type": 14, "object_id": "23", "object_repr": "Pornic (44) (images/3342638898_4272e5d72c_b.jpg) - Concours en cours de d├®pot", "action_flag": 3, "change_message": ""}}, {"model": "admin.logentry", "pk": 87, "fields": {"action_time": "2020-12-28T15:09:57.922Z", "user": 1, "content_type": 14, "object_id": "22", "object_repr": "Por'z Poulhan (images/5078742611_72749e963d_b.jpg) - Concours en cours de d├®pot", "action_flag": 3, "change_message": ""}}, {"model": "admin.logentry", "pk": 88, "fields": {"action_time": "2020-12-28T15:09:57.928Z", "user": 1, "content_type": 14, "object_id": "21", "object_repr": "Por'z Poulhan (images/5078742611_72749e963d_b.jpg) - Concours en cours de vote", "action_flag": 3, "change_message": ""}}, {"model": "admin.logentry", "pk": 89, "fields": {"action_time": "2020-12-28T15:10:06.692Z", "user": 1, "content_type": 15, "object_id": "11", "object_repr": "admin - Concours en cours de vote - Por'z Poulhan (images/5078742611_72749e963d_b.jpg)", "action_flag": 3, "change_message": ""}}, {"model": "admin.logentry", "pk": 90, "fields": {"action_time": "2020-12-28T15:11:47.074Z", "user": 1, "content_type": 14, "object_id": "24", "object_repr": "Pornic (44) (images/3342638898_4272e5d72c_b.jpg) - Concours en cours de vote", "action_flag": 1, "change_message": "[{\"added\": {}}]"}}, {"model": "admin.logentry", "pk": 91, "fields": {"action_time": "2020-12-28T15:11:53.175Z", "user": 1, "content_type": 14, "object_id": "25", "object_repr": "Por'z Poulhan (images/5078742611_72749e963d_b.jpg) - Concours en cours de vote", "action_flag": 1, "change_message": "[{\"added\": {}}]"}}, {"model": "admin.logentry", "pk": 92, "fields": {"action_time": "2020-12-28T16:20:05.561Z", "user": 1, "content_type": 14, "object_id": "26", "object_repr": "Bord de mer (images/2908804193_f555ffaf2e_b.jpg) - Concours en cours de d├®pot", "action_flag": 1, "change_message": "[{\"added\": {}}]"}}, {"model": "admin.logentry", "pk": 93, "fields": {"action_time": "2020-12-28T16:20:17.893Z", "user": 1, "content_type": 14, "object_id": "27", "object_repr": "Paris, la Seine (images/2413671523_943197dedc_b_RQYPvBc.jpg) - Concours en cours de d├®pot", "action_flag": 1, "change_message": "[{\"added\": {}}]"}}, {"model": "admin.logentry", "pk": 94, "fields": {"action_time": "2020-12-28T16:20:25.053Z", "user": 1, "content_type": 14, "object_id": "28", "object_repr": "Paris, Canal Saint Martin (images/2553702013_08810c65f5_b.jpg) - Concours en cours de d├®pot", "action_flag": 1, "change_message": "[{\"added\": {}}]"}}, {"model": "admin.logentry", "pk": 95, "fields": {"action_time": "2020-12-28T16:20:32.576Z", "user": 1, "content_type": 14, "object_id": "29", "object_repr": "Marais (images/2992934114_c933223730_b.jpg) - Concours en cours de d├®pot", "action_flag": 1, "change_message": "[{\"added\": {}}]"}}, {"model": "admin.logentry", "pk": 96, "fields": {"action_time": "2020-12-28T16:40:34.936Z", "user": 1, "content_type": 14, "object_id": "30", "object_repr": "Barques (images/4570511183_da3a70b64d_o.jpg) - Concours en cours de vote", "action_flag": 1, "change_message": "[{\"added\": {}}]"}}, {"model": "admin.logentry", "pk": 97, "fields": {"action_time": "2020-12-28T16:42:15.118Z", "user": 1, "content_type": 14, "object_id": "31", "object_repr": "Buron en Auvergne (images/4086144347_5a509bc0fa_o.jpg) - Concours en cours de vote", "action_flag": 1, "change_message": "[{\"added\": {}}]"}}, {"model": "admin.logentry", "pk": 98, "fields": {"action_time": "2020-12-28T16:42:29.342Z", "user": 1, "content_type": 14, "object_id": "32", "object_repr": "Paris, la Seine (images/2413671523_943197dedc_b_RQYPvBc.jpg) - Concours en cours de vote", "action_flag": 1, "change_message": "[{\"added\": {}}]"}}, {"model": "admin.logentry", "pk": 99, "fields": {"action_time": "2020-12-30T08:25:58.047Z", "user": 1, "content_type": 16, "object_id": "1", "object_repr": "Concours janvier (d├®pot en cours)", "action_flag": 2, "change_message": "[{\"changed\": {\"fields\": [\"Titre du concours\"]}}]"}}, {"model": "admin.logentry", "pk": 100, "fields": {"action_time": "2020-12-30T08:26:20.095Z", "user": 1, "content_type": 16, "object_id": "2", "object_repr": "Concours d├®cembre (vote en cours)", "action_flag": 2, "change_message": "[{\"changed\": {\"fields\": [\"Titre du concours\"]}}]"}}, {"model": "admin.logentry", "pk": 101, "fields": {"action_time": "2020-12-30T09:37:13.121Z", "user": 1, "content_type": 13, "object_id": "25", "object_repr": "Paris, jardin des Tuileries (images/2413792955_b9050c67e1_b.jpg) - pseudo", "action_flag": 3, "change_message": ""}}, {"model": "admin.logentry", "pk": 102, "fields": {"action_time": "2020-12-30T09:37:13.131Z", "user": 1, "content_type": 13, "object_id": "13", "object_repr": "Barques (images/4570511183_da3a70b64d_o.jpg) - pseudo", "action_flag": 3, "change_message": ""}}, {"model": "admin.logentry", "pk": 103, "fields": {"action_time": "2020-12-30T09:37:13.137Z", "user": 1, "content_type": 13, "object_id": "12", "object_repr": "Bord de mer (images/2908804193_f555ffaf2e_b.jpg) - pseudo", "action_flag": 3, "change_message": ""}}, {"model": "admin.logentry", "pk": 104, "fields": {"action_time": "2020-12-30T09:37:13.143Z", "user": 1, "content_type": 13, "object_id": "11", "object_repr": "Buron en Auvergne (images/4086144347_5a509bc0fa_o.jpg) - pseudo", "action_flag": 3, "change_message": ""}}, {"model": "admin.logentry", "pk": 105, "fields": {"action_time": "2020-12-30T09:38:56.315Z", "user": 1, "content_type": 13, "object_id": "26", "object_repr": "Paris, jardin des Tuileries (images/2413792955_b9050c67e1_b.jpg) - pseudo", "action_flag": 3, "change_message": ""}}, {"model": "admin.logentry", "pk": 106, "fields": {"action_time": "2020-12-30T11:17:53.409Z", "user": 1, "content_type": 13, "object_id": "24", "object_repr": "Por'z Poulhan (images/5078742611_72749e963d_b.jpg) - stephane", "action_flag": 3, "change_message": ""}}, {"model": "admin.logentry", "pk": 107, "fields": {"action_time": "2020-12-30T11:17:53.418Z", "user": 1, "content_type": 13, "object_id": "22", "object_repr": "Pornic (44) (images/3342638898_4272e5d72c_b.jpg) - admin", "action_flag": 3, "change_message": ""}}, {"model": "admin.logentry", "pk": 108, "fields": {"action_time": "2020-12-30T11:17:53.423Z", "user": 1, "content_type": 13, "object_id": "21", "object_repr": "Bord de mer (images/2908804193_f555ffaf2e_b.jpg) - admin", "action_flag": 3, "change_message": ""}}, {"model": "admin.logentry", "pk": 109, "fields": {"action_time": "2020-12-30T11:17:53.429Z", "user": 1, "content_type": 13, "object_id": "17", "object_repr": "Por'z Poulhan (images/5078742611_72749e963d_b.jpg) - admin", "action_flag": 3, "change_message": ""}}, {"model": "admin.logentry", "pk": 110, "fields": {"action_time": "2020-12-30T11:17:53.434Z", "user": 1, "content_type": 13, "object_id": "16", "object_repr": "Barques (images/4570511183_da3a70b64d_o.jpg) - admin", "action_flag": 3, "change_message": ""}}, {"model": "admin.logentry", "pk": 111, "fields": {"action_time": "2020-12-30T11:18:41.166Z", "user": 1, "content_type": 7, "object_id": "9", "object_repr": "Pornic (44) (images/3342638898_4272e5d72c_b.jpg)", "action_flag": 2, "change_message": "[{\"changed\": {\"fields\": [\"Note globale\", \"Categories\"]}}]"}}, {"model": "admin.logentry", "pk": 112, "fields": {"action_time": "2020-12-30T11:18:49.666Z", "user": 1, "content_type": 7, "object_id": "8", "object_repr": "Por'z Poulhan (images/5078742611_72749e963d_b.jpg)", "action_flag": 2, "change_message": "[{\"changed\": {\"fields\": [\"Note globale\"]}}]"}}, {"model": "admin.logentry", "pk": 113, "fields": {"action_time": "2020-12-30T11:18:57.647Z", "user": 1, "content_type": 7, "object_id": "7", "object_repr": "Buron en Auvergne (images/4086144347_5a509bc0fa_o.jpg)", "action_flag": 2, "change_message": "[{\"changed\": {\"fields\": [\"Note globale\"]}}]"}}, {"model": "admin.logentry", "pk": 114, "fields": {"action_time": "2020-12-30T11:19:05.416Z", "user": 1, "content_type": 7, "object_id": "6", "object_repr": "Bord de mer (images/2908804193_f555ffaf2e_b.jpg)", "action_flag": 2, "change_message": "[{\"changed\": {\"fields\": [\"Note globale\"]}}]"}}, {"model": "admin.logentry", "pk": 115, "fields": {"action_time": "2020-12-30T11:19:14.801Z", "user": 1, "content_type": 7, "object_id": "5", "object_repr": "Barques (images/4570511183_da3a70b64d_o.jpg)", "action_flag": 2, "change_message": "[{\"changed\": {\"fields\": [\"Note globale\"]}}]"}}, {"model": "admin.logentry", "pk": 116, "fields": {"action_time": "2020-12-30T11:19:23.280Z", "user": 1, "content_type": 7, "object_id": "4", "object_repr": "Paris, jardin des Tuileries (images/2413792955_b9050c67e1_b.jpg)", "action_flag": 2, "change_message": "[{\"changed\": {\"fields\": [\"Note globale\"]}}]"}}, {"model": "admin.logentry", "pk": 117, "fields": {"action_time": "2020-12-30T18:19:56.340Z", "user": 1, "content_type": 16, "object_id": "3", "object_repr": "exemple d'un concours archiv├®", "action_flag": 2, "change_message": "[{\"changed\": {\"fields\": [\"Titre du concours\"]}}]"}}, {"model": "auth.permission", "pk": 1, "fields": {"name": "Can add log entry", "content_type": 1, "codename": "add_logentry"}}, {"model": "auth.permission", "pk": 2, "fields": {"name": "Can change log entry", "content_type": 1, "codename": "change_logentry"}}, {"model": "auth.permission", "pk": 3, "fields": {"name": "Can delete log entry", "content_type": 1, "codename": "delete_logentry"}}, {"model": "auth.permission", "pk": 4, "fields": {"name": "Can view log entry", "content_type": 1, "codename": "view_logentry"}}, {"model": "auth.permission", "pk": 5, "fields": {"name": "Can add permission", "content_type": 2, "codename": "add_permission"}}, {"model": "auth.permission", "pk": 6, "fields": {"name": "Can change permission", "content_type": 2, "codename": "change_permission"}}, {"model": "auth.permission", "pk": 7, "fields": {"name": "Can delete permission", "content_type": 2, "codename": "delete_permission"}}, {"model": "auth.permission", "pk": 8, "fields": {"name": "Can view permission", "content_type": 2, "codename": "view_permission"}}, {"model": "auth.permission", "pk": 9, "fields": {"name": "Can add group", "content_type": 3, "codename": "add_group"}}, {"model": "auth.permission", "pk": 10, "fields": {"name": "Can change group", "content_type": 3, "codename": "change_group"}}, {"model": "auth.permission", "pk": 11, "fields": {"name": "Can delete group", "content_type": 3, "codename": "delete_group"}}, {"model": "auth.permission", "pk": 12, "fields": {"name": "Can view group", "content_type": 3, "codename": "view_group"}}, {"model": "auth.permission", "pk": 13, "fields": {"name": "Can add content type", "content_type": 4, "codename": "add_contenttype"}}, {"model": "auth.permission", "pk": 14, "fields": {"name": "Can change content type", "content_type": 4, "codename": "change_contenttype"}}, {"model": "auth.permission", "pk": 15, "fields": {"name": "Can delete content type", "content_type": 4, "codename": "delete_contenttype"}}, {"model": "auth.permission", "pk": 16, "fields": {"name": "Can view content type", "content_type": 4, "codename": "view_contenttype"}}, {"model": "auth.permission", "pk": 17, "fields": {"name": "Can add session", "content_type": 5, "codename": "add_session"}}, {"model": "auth.permission", "pk": 18, "fields": {"name": "Can change session", "content_type": 5, "codename": "change_session"}}, {"model": "auth.permission", "pk": 19, "fields": {"name": "Can delete session", "content_type": 5, "codename": "delete_session"}}, {"model": "auth.permission", "pk": 20, "fields": {"name": "Can view session", "content_type": 5, "codename": "view_session"}}, {"model": "auth.permission", "pk": 21, "fields": {"name": "Can add category", "content_type": 6, "codename": "add_category"}}, {"model": "auth.permission", "pk": 22, "fields": {"name": "Can change category", "content_type": 6, "codename": "change_category"}}, {"model": "auth.permission", "pk": 23, "fields": {"name": "Can delete category", "content_type": 6, "codename": "delete_category"}}, {"model": "auth.permission", "pk": 24, "fields": {"name": "Can view category", "content_type": 6, "codename": "view_category"}}, {"model": "auth.permission", "pk": 25, "fields": {"name": "Can add picture", "content_type": 7, "codename": "add_picture"}}, {"model": "auth.permission", "pk": 26, "fields": {"name": "Can change picture", "content_type": 7, "codename": "change_picture"}}, {"model": "auth.permission", "pk": 27, "fields": {"name": "Can delete picture", "content_type": 7, "codename": "delete_picture"}}, {"model": "auth.permission", "pk": 28, "fields": {"name": "Can view picture", "content_type": 7, "codename": "view_picture"}}, {"model": "auth.permission", "pk": 29, "fields": {"name": "Can add contest", "content_type": 8, "codename": "add_contest"}}, {"model": "auth.permission", "pk": 30, "fields": {"name": "Can change contest", "content_type": 8, "codename": "change_contest"}}, {"model": "auth.permission", "pk": 31, "fields": {"name": "Can delete contest", "content_type": 8, "codename": "delete_contest"}}, {"model": "auth.permission", "pk": 32, "fields": {"name": "Can view contest", "content_type": 8, "codename": "view_contest"}}, {"model": "auth.permission", "pk": 33, "fields": {"name": "Can add review", "content_type": 9, "codename": "add_review"}}, {"model": "auth.permission", "pk": 34, "fields": {"name": "Can change review", "content_type": 9, "codename": "change_review"}}, {"model": "auth.permission", "pk": 35, "fields": {"name": "Can delete review", "content_type": 9, "codename": "delete_review"}}, {"model": "auth.permission", "pk": 36, "fields": {"name": "Can view review", "content_type": 9, "codename": "view_review"}}, {"model": "auth.permission", "pk": 37, "fields": {"name": "Can add contest picture", "content_type": 10, "codename": "add_contestpicture"}}, {"model": "auth.permission", "pk": 38, "fields": {"name": "Can change contest picture", "content_type": 10, "codename": "change_contestpicture"}}, {"model": "auth.permission", "pk": 39, "fields": {"name": "Can delete contest picture", "content_type": 10, "codename": "delete_contestpicture"}}, {"model": "auth.permission", "pk": 40, "fields": {"name": "Can view contest picture", "content_type": 10, "codename": "view_contestpicture"}}, {"model": "auth.permission", "pk": 41, "fields": {"name": "Can add vote", "content_type": 11, "codename": "add_vote"}}, {"model": "auth.permission", "pk": 42, "fields": {"name": "Can change vote", "content_type": 11, "codename": "change_vote"}}, {"model": "auth.permission", "pk": 43, "fields": {"name": "Can delete vote", "content_type": 11, "codename": "delete_vote"}}, {"model": "auth.permission", "pk": 44, "fields": {"name": "Can view vote", "content_type": 11, "codename": "view_vote"}}, {"model": "auth.permission", "pk": 45, "fields": {"name": "Can add user", "content_type": 12, "codename": "add_customuser"}}, {"model": "auth.permission", "pk": 46, "fields": {"name": "Can change user", "content_type": 12, "codename": "change_customuser"}}, {"model": "auth.permission", "pk": 47, "fields": {"name": "Can delete user", "content_type": 12, "codename": "delete_customuser"}}, {"model": "auth.permission", "pk": 48, "fields": {"name": "Can view user", "content_type": 12, "codename": "view_customuser"}}, {"model": "auth.permission", "pk": 49, "fields": {"name": "Can add review", "content_type": 13, "codename": "add_review"}}, {"model": "auth.permission", "pk": 50, "fields": {"name": "Can change review", "content_type": 13, "codename": "change_review"}}, {"model": "auth.permission", "pk": 51, "fields": {"name": "Can delete review", "content_type": 13, "codename": "delete_review"}}, {"model": "auth.permission", "pk": 52, "fields": {"name": "Can view review", "content_type": 13, "codename": "view_review"}}, {"model": "auth.permission", "pk": 53, "fields": {"name": "Can add contest picture", "content_type": 14, "codename": "add_contestpicture"}}, {"model": "auth.permission", "pk": 54, "fields": {"name": "Can change contest picture", "content_type": 14, "codename": "change_contestpicture"}}, {"model": "auth.permission", "pk": 55, "fields": {"name": "Can delete contest picture", "content_type": 14, "codename": "delete_contestpicture"}}, {"model": "auth.permission", "pk": 56, "fields": {"name": "Can view contest picture", "content_type": 14, "codename": "view_contestpicture"}}, {"model": "auth.permission", "pk": 57, "fields": {"name": "Can add vote", "content_type": 15, "codename": "add_vote"}}, {"model": "auth.permission", "pk": 58, "fields": {"name": "Can change vote", "content_type": 15, "codename": "change_vote"}}, {"model": "auth.permission", "pk": 59, "fields": {"name": "Can delete vote", "content_type": 15, "codename": "delete_vote"}}, {"model": "auth.permission", "pk": 60, "fields": {"name": "Can view vote", "content_type": 15, "codename": "view_vote"}}, {"model": "auth.permission", "pk": 61, "fields": {"name": "Can add contest", "content_type": 16, "codename": "add_contest"}}, {"model": "auth.permission", "pk": 62, "fields": {"name": "Can change contest", "content_type": 16, "codename": "change_contest"}}, {"model": "auth.permission", "pk": 63, "fields": {"name": "Can delete contest", "content_type": 16, "codename": "delete_contest"}}, {"model": "auth.permission", "pk": 64, "fields": {"name": "Can view contest", "content_type": 16, "codename": "view_contest"}}, {"model": "contenttypes.contenttype", "pk": 1, "fields": {"app_label": "admin", "model": "logentry"}}, {"model": "contenttypes.contenttype", "pk": 2, "fields": {"app_label": "auth", "model": "permission"}}, {"model": "contenttypes.contenttype", "pk": 3, "fields": {"app_label": "auth", "model": "group"}}, {"model": "contenttypes.contenttype", "pk": 4, "fields": {"app_label": "contenttypes", "model": "contenttype"}}, {"model": "contenttypes.contenttype", "pk": 5, "fields": {"app_label": "sessions", "model": "session"}}, {"model": "contenttypes.contenttype", "pk": 6, "fields": {"app_label": "gallery", "model": "category"}}, {"model": "contenttypes.contenttype", "pk": 7, "fields": {"app_label": "gallery", "model": "picture"}}, {"model": "contenttypes.contenttype", "pk": 8, "fields": {"app_label": "gallery", "model": "contest"}}, {"model": "contenttypes.contenttype", "pk": 9, "fields": {"app_label": "gallery", "model": "review"}}, {"model": "contenttypes.contenttype", "pk": 10, "fields": {"app_label": "gallery", "model": "contestpicture"}}, {"model": "contenttypes.contenttype", "pk": 11, "fields": {"app_label": "gallery", "model": "vote"}}, {"model": "contenttypes.contenttype", "pk": 12, "fields": {"app_label": "users", "model": "customuser"}}, {"model": "contenttypes.contenttype", "pk": 13, "fields": {"app_label": "review", "model": "review"}}, {"model": "contenttypes.contenttype", "pk": 14, "fields": {"app_label": "contest", "model": "contestpicture"}}, {"model": "contenttypes.contenttype", "pk": 15, "fields": {"app_label": "contest", "model": "vote"}}, {"model": "contenttypes.contenttype", "pk": 16, "fields": {"app_label": "contest", "model": "contest"}}, {"model": "sessions.session", "pk": "3q3c9jfua6esct8vpfakak7e495os265", "fields": {"session_data": ".eJxVjLEOwjAMRP8lM4piJxTCyN5viBzbkAJKpaadEP9OK3UA6aZ77-5tEi1zSUvTKQ1iLgbM4bfLxE-tG5AH1ftoeazzNGS7KXanzfaj6Ou6u38HhVpZ1-hUPAfnCSJnIPCokvHMkbwcRW6C2KkD1TUcmZQAvQscJLsunsznCwGAOMU:1ktZcc:wv0exybZ-FlWFQS56M5LIenCVKGEXN2HJVLJ8uTKgJY", "expire_date": "2021-01-10T17:14:22.890Z"}}, {"model": "sessions.session", "pk": "7dagvmwlebggop75uaq1pye4rhsbewoh", "fields": {"session_data": ".eJxVjLEOwjAMRP8lM4piJxTCyN5viBzbkAJKpaadEP9OK3UA6aZ77-5tEi1zSUvTKQ1iLgbM4bfLxE-tG5AH1ftoeazzNGS7KXanzfaj6Ou6u38HhVpZ1-hUPAfnCSJnIPCokvHMkbwcRW6C2KkD1TUcmZQAvQscJLsunsznCwGAOMU:1kuGfe:TldgRzj3a4lSN_vtDLnD5QRnqFHaxNVzHexB55VQHqk", "expire_date": "2021-01-12T15:12:22.629Z"}}, {"model": "sessions.session", "pk": "9gjhmpjzp7whwt8fb06nrts4hb81l5uq", "fields": {"session_data": "e30:1ktDWN:wDyExCqPYDllx70zsehy9pKU99G_rNxrIUB64znBtaA", "expire_date": "2021-01-09T17:38:27.286Z"}}, {"model": "sessions.session", "pk": "b0ao8hh1vpl6ixezznh46bx0gidsuzcp", "fields": {"session_data": "e30:1ktDTV:f_t8-HK8VbaaWey-HDZmRzfVcSAjQ5Cvm-6gYUsmeNA", "expire_date": "2021-01-09T17:35:29.334Z"}}, {"model": "sessions.session", "pk": "bseqcurpo0wjv4kg9rwzcoedt1l2q6ad", "fields": {"session_data": ".eJxVjLEOwjAMRP8lM4piJxTCyN5viBzbkAJKpaadEP9OK3UA6aZ77-5tEi1zSUvTKQ1iLgbM4bfLxE-tG5AH1ftoeazzNGS7KXanzfaj6Ou6u38HhVpZ1-hUPAfnCSJnIPCokvHMkbwcRW6C2KkD1TUcmZQAvQscJLsunsznCwGAOMU:1kutCr:x9tv6k8ncZpGaxraqcqBRlDnI9FCjOyI7JvhT0J1OwU", "expire_date": "2021-01-14T08:21:13.505Z"}}, {"model": "sessions.session", "pk": "f4xaqrrhxnkcv7jy2v6rq0ecxpcv534c", "fields": {"session_data": "e30:1ktDV6:WLdGjiNIuBXlJqo-B1rMoJVQICWQoNqe9fSTski8ZrU", "expire_date": "2021-01-09T17:37:08.159Z"}}, {"model": "sessions.session", "pk": "j441qnbhmnykjojyv5t85uqiaefvz2as", "fields": {"session_data": "e30:1ktDVM:t-gYMxWaZliTsEYWvVUN8kTNd-LDS_vVfRcFrlJJYXA", "expire_date": "2021-01-09T17:37:24.344Z"}}, {"model": "sessions.session", "pk": "vk1cg0az0cftm9mzt8uguvs58ob0abdd", "fields": {"session_data": "e30:1ktDU2:EAU9RHMGL15RoWn8GdBp0DQ9Nlk3vhfnWUUDD8VKuj0", "expire_date": "2021-01-09T17:36:02.217Z"}}, {"model": "sessions.session", "pk": "wu5zweelraj8i2ysv6j3m6z3usko9bwd", "fields": {"session_data": "e30:1ktDZF:YEECF3M6xgBtYZly93vkeaOsCv8vCy9D7Oc0gIoUtB0", "expire_date": "2021-01-09T17:41:25.334Z"}}, {"model": "sessions.session", "pk": "wup2ukcuqt4vy9thx9nxkkcvq7beyywe", "fields": {"session_data": ".eJxVjLEOwjAMRP8lM4piJxTCyN5viBzbkAJKpaadEP9OK3UA6aZ77-5tEi1zSUvTKQ1iLgbM4bfLxE-tG5AH1ftoeazzNGS7KXanzfaj6Ou6u38HhVpZ1-hUPAfnCSJnIPCokvHMkbwcRW6C2KkD1TUcmZQAvQscJLsunsznCwGAOMU:1kuWmL:AoTv3P0Skm_rmWTF1FXTsuYX3Ls1tU77jzKqeqimRQ0", "expire_date": "2021-01-13T08:24:21.160Z"}}, {"model": "gallery.category", "pk": 1, "fields": {"name": "Paysage", "creation_date": "2020-12-21T12:24:21.013Z", "in_menu": false, "order_menu": 0}}, {"model": "gallery.category", "pk": 2, "fields": {"name": "Ville", "creation_date": "2020-12-21T12:24:25.573Z", "in_menu": false, "order_menu": 0}}, {"model": "gallery.category", "pk": 3, "fields": {"name": "Mer", "creation_date": "2020-12-21T12:24:29.919Z", "in_menu": false, "order_menu": 0}}, {"model": "gallery.category", "pk": 4, "fields": {"name": "Noir et Blanc", "creation_date": "2020-12-28T09:09:33.613Z", "in_menu": false, "order_menu": 0}}, {"model": "gallery.picture", "pk": 1, "fields": {"title": "Paris, la Seine", "file_name": "images/2413671523_943197dedc_b_RQYPvBc.jpg", "description": "Te dixisti tui ea etiamsi sint sine non sine admonitum esse rerum te quam ingenii omnes falso ingenii petulanter in.", "technical": "Te dixisti tui ea etiamsi sint sine non sine admonitum esse rerum te quam ingenii omnes falso ingenii petulanter in.", "camera": "Fuji x-pro 2", "lens": "17-35", "place": "Paris", "taken_date": "2020-12-12", "global_score": 2.75, "upload_date": "2020-12-21T12:32:10.309Z", "user": 2, "categories": [2]}}, {"model": "gallery.picture", "pk": 2, "fields": {"title": "Paris, Canal Saint Martin", "file_name": "images/2553702013_08810c65f5_b.jpg", "description": "Perennis credite publicam vosmet meus quod et in Hic Patres conscripti (id facitis patriae Hic periculis rem atque rem restituit.", "technical": "Perennis credite publicam vosmet meus quod et in Hic Patres conscripti (id facitis patriae Hic periculis rem atque rem restituit.", "camera": "Fuji x-pro 2", "lens": "17-35", "place": "Paris", "taken_date": "2020-12-12", "global_score": 0.0, "upload_date": "2020-12-21T12:38:49.645Z", "user": 2, "categories": [2]}}, {"model": "gallery.picture", "pk": 3, "fields": {"title": "Marais", "file_name": "images/2992934114_c933223730_b.jpg", "description": "Perennis credite publicam vosmet meus quod et in Hic Patres conscripti (id facitis patriae Hic periculis rem atque rem restituit.", "technical": "Perennis credite publicam vosmet meus quod et in Hic Patres conscripti (id facitis patriae Hic periculis rem atque rem restituit.", "camera": "Fuji x-pro 2", "lens": "17-35", "place": "Paris", "taken_date": "2020-12-12", "global_score": 0.0, "upload_date": "2020-12-21T12:41:37.835Z", "user": 2, "categories": [1]}}, {"model": "gallery.picture", "pk": 4, "fields": {"title": "Paris, jardin des Tuileries", "file_name": "images/2413792955_b9050c67e1_b.jpg", "description": "Perennis credite publicam vosmet meus quod et in Hic Patres conscripti (id facitis patriae Hic periculis rem atque rem restituit.", "technical": "Perennis credite publicam vosmet meus quod et in Hic Patres conscripti (id facitis patriae Hic periculis rem atque rem restituit.", "camera": "Fuji x-pro 2", "lens": "17-35", "place": "Paris", "taken_date": "2020-12-12", "global_score": 0.0, "upload_date": "2020-12-21T12:45:09.731Z", "user": 2, "categories": [2]}}, {"model": "gallery.picture", "pk": 5, "fields": {"title": "Barques", "file_name": "images/4570511183_da3a70b64d_o.jpg", "description": "Perennis credite publicam vosmet meus quod et in Hic Patres conscripti (id facitis patriae Hic periculis rem atque rem restituit.", "technical": "Perennis credite publicam vosmet meus quod et in Hic Patres conscripti (id facitis patriae Hic periculis rem atque rem restituit.", "camera": "Fuji x-pro 2", "lens": "17-35", "place": "Marais", "taken_date": "2020-12-12", "global_score": 0.0, "upload_date": "2020-12-21T12:49:17.383Z", "user": 2, "categories": [1]}}, {"model": "gallery.picture", "pk": 6, "fields": {"title": "Bord de mer", "file_name": "images/2908804193_f555ffaf2e_b.jpg", "description": "Servabantur praetenturis omnes cogitabat extimas et omnes cuncta autem quia impetrasset huius servabantur erat praetenturis quod autem Osdroenae erat adgressus.", "technical": "Servabantur praetenturis omnes cogitabat extimas et omnes cuncta autem quia impetrasset huius servabantur erat praetenturis quod autem Osdroenae erat adgressus.", "camera": "Fuji x-pro 2", "lens": "17-35", "place": "Loire Atlantique", "taken_date": "2020-12-12", "global_score": 5.0, "upload_date": "2020-12-21T14:20:33.286Z", "user": 3, "categories": [3]}}, {"model": "gallery.picture", "pk": 7, "fields": {"title": "Buron en Auvergne", "file_name": "images/4086144347_5a509bc0fa_o.jpg", "description": "Dierum que homines consilium idem erat publicae dignitati antea bellis.", "technical": "Dierum que homines consilium idem erat publicae dignitati antea bellis.", "camera": "Fuji x-pro 2", "lens": "17-35", "place": "Auvergne, Cantal", "taken_date": "2020-12-12", "global_score": 4.0, "upload_date": "2020-12-21T15:03:49.793Z", "user": 3, "categories": [1]}}, {"model": "gallery.picture", "pk": 8, "fields": {"title": "Por'z Poulhan", "file_name": "images/5078742611_72749e963d_b.jpg", "description": "Diskl├¬riadur-ma├▒ strollad komprenet strollad gwir beza├▒ rofe distruja├▒ abenn ar ar pe embannet den ebet.", "technical": "Diskl├¬riadur-ma├▒ strollad komprenet strollad gwir beza├▒ rofe distruja├▒ abenn ar ar pe embannet den ebet.", "camera": "Fuji x-pro 2", "lens": "17-35", "place": "Bretagne, Finist├¿re", "taken_date": "2020-12-12", "global_score": 4.25, "upload_date": "2020-12-27T09:11:19.009Z", "user": 4, "categories": [3]}}, {"model": "gallery.picture", "pk": 9, "fields": {"title": "Pornic (44)", "file_name": "images/3342638898_4272e5d72c_b.jpg", "description": "Photo Bord de mer", "technical": "Technique utilis├®e : Noir et blanc", "camera": "Fuji x-pro 2", "lens": "17-35", "place": "Pornic", "taken_date": "2010-12-01", "global_score": 4.0, "upload_date": "2020-12-28T09:09:09.272Z", "user": 4, "categories": [3]}}, {"model": "gallery.picture", "pk": 10, "fields": {"title": "Passage couvert - Paris", "file_name": "images/3444892453_59d0666d47_b.jpg", "description": "Passage couvert - Paris", "technical": "Rien de particulier", "camera": "Fuji x-pro 2", "lens": "17-35", "place": "Paris", "taken_date": "2010-12-01", "global_score": 0.0, "upload_date": "2020-12-30T11:37:01.388Z", "user": 1, "categories": [2]}}, {"model": "users.customuser", "pk": 1, "fields": {"password": "pbkdf2_sha256$216000$NTbDTFNNYxmh$s5uXc/kns/e+JdeuGpnQAJKzI564GD9UGzKHM+3mBe4=", "last_login": "2020-12-31T08:21:13.498Z", "is_superuser": true, "username": "admin", "first_name": "", "last_name": "", "email": "admin@example.com", "is_staff": true, "is_active": true, "date_joined": "2020-12-21T12:23:38.583Z", "city": "", "biography": "", "groups": [], "user_permissions": []}}, {"model": "users.customuser", "pk": 2, "fields": {"password": "pbkdf2_sha256$216000$AMeOcJ82P0Mj$1eC7/EEw/PZ8GAM8s96iKH0shm6rUsECxtYmKmqk3tY=", "last_login": "2020-12-30T15:05:01.229Z", "is_superuser": false, "username": "stephane", "first_name": "St├®phane", "last_name": "DAUGUET", "email": "sdauguet@gmail.com", "is_staff": false, "is_active": true, "date_joined": "2020-12-21T12:31:16.057Z", "city": "RENNES", "biography": "Blabla", "groups": [], "user_permissions": []}}, {"model": "users.customuser", "pk": 3, "fields": {"password": "pbkdf2_sha256$216000$WqZSyrCba2eW$yxxoj35nWdOwMYX+tLgoOaqcip3J3/GcMwqFM1CppLA=", "last_login": "2020-12-30T17:36:30.394Z", "is_superuser": false, "username": "lilou", "first_name": "", "last_name": "", "email": "lilou@example.com", "is_staff": false, "is_active": true, "date_joined": "2020-12-21T14:11:29.741Z", "city": "", "biography": "", "groups": [], "user_permissions": []}}, {"model": "users.customuser", "pk": 4, "fields": {"password": "pbkdf2_sha256$216000$pUwJd5z4xHHE$oOTT3hYwwev3hMdYzUnTmoRuq1ie87JyZ2S9oFgaY/4=", "last_login": "2020-12-30T09:16:54.269Z", "is_superuser": false, "username": "pseudo", "first_name": "", "last_name": "", "email": "pseudo@exmple.com", "is_staff": false, "is_active": true, "date_joined": "2020-12-27T09:09:36.987Z", "city": "", "biography": "", "groups": [], "user_permissions": []}}, {"model": "review.review", "pk": 36, "fields": {"score_intention": 3, "score_technical": 3, "score_picture": 4, "score_global": 4, "comment_intention": "Saluti et acie ut dentium Gallus dentium quavis opperiens saluti cum stridens omnes viri mihi opperiens vobiscum vobiscum colligi armatos", "comment_technical": "Saluti et acie ut dentium Gallus dentium quavis opperiens saluti cum stridens omnes viri mihi opperiens vobiscum vobiscum colligi armatos", "comment_picture": "Saluti et acie ut dentium Gallus dentium quavis opperiens saluti cum stridens omnes viri mihi opperiens vobiscum vobiscum colligi armatos", "comment_global": "Saluti et acie ut dentium Gallus dentium quavis opperiens saluti cum stridens omnes viri mihi opperiens vobiscum vobiscum colligi armatos", "calculated_score": 3.5, "review_date": "2020-12-30T11:33:07.608Z", "picture": 9, "user": 1}}, {"model": "review.review", "pk": 37, "fields": {"score_intention": 3, "score_technical": 2, "score_picture": 3, "score_global": 3, "comment_intention": "Saluti et acie ut dentium Gallus dentium quavis opperiens saluti cum stridens omnes viri mihi opperiens vobiscum vobiscum colligi armatos", "comment_technical": "Saluti et acie ut dentium Gallus dentium quavis opperiens saluti cum stridens omnes viri mihi opperiens vobiscum vobiscum colligi armatos", "comment_picture": "Saluti et acie ut dentium Gallus dentium quavis opperiens saluti cum stridens omnes viri mihi opperiens vobiscum vobiscum colligi armatos", "comment_global": "Saluti et acie ut dentium Gallus dentium quavis opperiens saluti cum stridens omnes viri mihi opperiens vobiscum vobiscum colligi armatos", "calculated_score": 2.75, "review_date": "2020-12-30T11:38:20.988Z", "picture": 1, "user": 1}}, {"model": "review.review", "pk": 38, "fields": {"score_intention": 3, "score_technical": 4, "score_picture": 4, "score_global": 3, "comment_intention": "", "comment_technical": "", "comment_picture": "", "comment_global": "", "calculated_score": 3.5, "review_date": "2020-12-30T12:03:15.868Z", "picture": 8, "user": 1}}, {"model": "review.review", "pk": 39, "fields": {"score_intention": 4, "score_technical": 5, "score_picture": 4, "score_global": 5, "comment_intention": "", "comment_technical": "", "comment_picture": "", "comment_global": "", "calculated_score": 4.5, "review_date": "2020-12-30T16:38:42.281Z", "picture": 9, "user": 2}}, {"model": "review.review", "pk": 40, "fields": {"score_intention": 5, "score_technical": 5, "score_picture": 5, "score_global": 5, "comment_intention": "", "comment_technical": "", "comment_picture": "", "comment_global": "", "calculated_score": 5.0, "review_date": "2020-12-30T16:39:34.306Z", "picture": 8, "user": 2}}, {"model": "review.review", "pk": 41, "fields": {"score_intention": 4, "score_technical": 4, "score_picture": 3, "score_global": 5, "comment_intention": "", "comment_technical": "", "comment_picture": "", "comment_global": "", "calculated_score": 4.0, "review_date": "2020-12-30T17:06:24.345Z", "picture": 7, "user": 2}}, {"model": "review.review", "pk": 42, "fields": {"score_intention": 5, "score_technical": 5, "score_picture": 5, "score_global": 5, "comment_intention": "", "comment_technical": "", "comment_picture": "", "comment_global": "", "calculated_score": 5.0, "review_date": "2020-12-30T17:06:46.998Z", "picture": 6, "user": 2}}, {"model": "contest.contest", "pk": 1, "fields": {"title": "Concours janvier (d├®pot en cours)", "theme": "Test sur d├®pot", "description": "C'est un test sur le d├®pot", "date_begin_upload": "2020-12-01", "date_end_upload": "2020-12-31", "deposit": true, "date_begin_vote": "2021-01-01", "date_end_vote": "2021-01-31", "vote_open": false, "archived": false, "date_creation": "2020-12-27T17:15:22.245Z", "contest_image": "images/2992934114_c933223730_b_OThZJ0a.jpg"}}, {"model": "contest.contest", "pk": 2, "fields": {"title": "Concours d├®cembre (vote en cours)", "theme": "Test sur vote", "description": "Test sur vote", "date_begin_upload": "2020-11-01", "date_end_upload": "2020-11-30", "deposit": false, "date_begin_vote": "2020-12-01", "date_end_vote": "2020-12-31", "vote_open": true, "archived": false, "date_creation": "2020-12-27T17:16:36.465Z", "contest_image": "images/2413671523_943197dedc_b_mW2qUp1.jpg"}}, {"model": "contest.contest", "pk": 3, "fields": {"title": "exemple d'un concours archiv├®", "theme": "concours archiv├®", "description": "blabla\r\nbla\r\nconcours archiv├®\r\nblabla\r\nbla blabla", "date_begin_upload": "2020-12-01", "date_end_upload": "2020-12-10", "deposit": false, "date_begin_vote": "2020-12-01", "date_end_vote": "2020-12-15", "vote_open": false, "archived": true, "date_creation": "2020-12-27T17:22:42.461Z", "contest_image": "images/3128279975_78641232f3_b.jpg"}}, {"model": "contest.contestpicture", "pk": 24, "fields": {"picture": 9, "contest": 2, "date_upload": "2020-12-28T15:11:47.073Z", "score_contest": 3}}, {"model": "contest.contestpicture", "pk": 25, "fields": {"picture": 8, "contest": 2, "date_upload": "2020-12-28T15:11:53.174Z", "score_contest": 3}}, {"model": "contest.contestpicture", "pk": 26, "fields": {"picture": 6, "contest": 1, "date_upload": "2020-12-28T16:20:05.559Z", "score_contest": 0}}, {"model": "contest.contestpicture", "pk": 27, "fields": {"picture": 1, "contest": 1, "date_upload": "2020-12-28T16:20:17.892Z", "score_contest": 0}}, {"model": "contest.contestpicture", "pk": 28, "fields": {"picture": 2, "contest": 1, "date_upload": "2020-12-28T16:20:25.052Z", "score_contest": 0}}, {"model": "contest.contestpicture", "pk": 29, "fields": {"picture": 3, "contest": 1, "date_upload": "2020-12-28T16:20:32.575Z", "score_contest": 0}}, {"model": "contest.contestpicture", "pk": 30, "fields": {"picture": 5, "contest": 2, "date_upload": "2020-12-28T16:40:34.935Z", "score_contest": 3}}, {"model": "contest.contestpicture", "pk": 31, "fields": {"picture": 7, "contest": 2, "date_upload": "2020-12-28T16:42:15.116Z", "score_contest": 2}}, {"model": "contest.contestpicture", "pk": 32, "fields": {"picture": 1, "contest": 2, "date_upload": "2020-12-28T16:42:29.341Z", "score_contest": 2}}, {"model": "contest.contestpicture", "pk": 33, "fields": {"picture": 7, "contest": 1, "date_upload": "2020-12-29T17:08:42.665Z", "score_contest": 0}}, {"model": "contest.contestpicture", "pk": 34, "fields": {"picture": 9, "contest": 1, "date_upload": "2020-12-29T17:32:30.310Z", "score_contest": 0}}, {"model": "contest.contestpicture", "pk": 35, "fields": {"picture": 8, "contest": 1, "date_upload": "2020-12-29T17:32:33.577Z", "score_contest": 0}}, {"model": "contest.contestpicture", "pk": 36, "fields": {"picture": 4, "contest": 1, "date_upload": "2020-12-29T17:39:39.888Z", "score_contest": 0}}, {"model": "contest.vote", "pk": 12, "fields": {"user": 1, "contest_picture": 25, "score": 1, "date_score": "2020-12-28T15:14:57.166Z"}}, {"model": "contest.vote", "pk": 13, "fields": {"user": 1, "contest_picture": 24, "score": 1, "date_score": "2020-12-28T15:14:59.628Z"}}, {"model": "contest.vote", "pk": 14, "fields": {"user": 2, "contest_picture": 25, "score": 1, "date_score": "2020-12-28T15:24:42.269Z"}}, {"model": "contest.vote", "pk": 15, "fields": {"user": 2, "contest_picture": 24, "score": 1, "date_score": "2020-12-28T15:24:48.353Z"}}, {"model": "contest.vote", "pk": 16, "fields": {"user": 1, "contest_picture": 30, "score": 1, "date_score": "2020-12-28T16:40:51.250Z"}}, {"model": "contest.vote", "pk": 17, "fields": {"user": 2, "contest_picture": 31, "score": 1, "date_score": "2020-12-28T18:01:30.651Z"}}, {"model": "contest.vote", "pk": 18, "fields": {"user": 3, "contest_picture": 32, "score": 1, "date_score": "2020-12-29T15:58:55.151Z"}}, {"model": "contest.vote", "pk": 19, "fields": {"user": 3, "contest_picture": 30, "score": 1, "date_score": "2020-12-29T16:56:19.378Z"}}, {"model": "contest.vote", "pk": 20, "fields": {"user": 4, "contest_picture": 31, "score": 1, "date_score": "2020-12-29T17:36:00.823Z"}}, {"model": "contest.vote", "pk": 21, "fields": {"user": 4, "contest_picture": 30, "score": 1, "date_score": "2020-12-29T17:36:26.071Z"}}, {"model": "contest.vote", "pk": 22, "fields": {"user": 4, "contest_picture": 32, "score": 1, "date_score": "2020-12-29T17:36:31.882Z"}}, {"model": "contest.vote", "pk": 23, "fields": {"user": 3, "contest_picture": 24, "score": 1, "date_score": "2020-12-30T17:36:39.645Z"}}, {"model": "contest.vote", "pk": 24, "fields": {"user": 3, "contest_picture": 25, "score": 1, "date_score": "2020-12-30T17:36:43.259Z"}}]
